Nyckeltal,Region,År,Invånare
"Invånare  totalt, antal",Ale,2010,27442
"Invånare  totalt, antal",Ale,2011,27577
"Invånare  totalt, antal",Ale,2012,27842
"Invånare  totalt, antal",Ale,2013,28074
"Invånare  totalt, antal",Ale,2014,28423
"Invånare  totalt, antal",Ale,2015,28862
"Invånare  totalt, antal",Ale,2016,29549
"Invånare  totalt, antal",Alingsås,2010,37796
"Invånare  totalt, antal",Alingsås,2011,38053
"Invånare  totalt, antal",Alingsås,2012,38355
"Invånare  totalt, antal",Alingsås,2013,38619
"Invånare  totalt, antal",Alingsås,2014,39188
"Invånare  totalt, antal",Alingsås,2015,39602
"Invånare  totalt, antal",Alingsås,2016,40045
"Invånare  totalt, antal",Alvesta,2010,18802
"Invånare  totalt, antal",Alvesta,2011,18917
"Invånare  totalt, antal",Alvesta,2012,19034
"Invånare  totalt, antal",Alvesta,2013,19280
"Invånare  totalt, antal",Alvesta,2014,19503
"Invånare  totalt, antal",Alvesta,2015,19581
"Invånare  totalt, antal",Alvesta,2016,19850
"Invånare  totalt, antal",Aneby,2010,6393
"Invånare  totalt, antal",Aneby,2011,6415
"Invånare  totalt, antal",Aneby,2012,6407
"Invånare  totalt, antal",Aneby,2013,6375
"Invånare  totalt, antal",Aneby,2014,6426
"Invånare  totalt, antal",Aneby,2015,6537
"Invånare  totalt, antal",Aneby,2016,6603
"Invånare  totalt, antal",Arboga,2010,13285
"Invånare  totalt, antal",Arboga,2011,13302
"Invånare  totalt, antal",Arboga,2012,13353
"Invånare  totalt, antal",Arboga,2013,13493
"Invånare  totalt, antal",Arboga,2014,13631
"Invånare  totalt, antal",Arboga,2015,13858
"Invånare  totalt, antal",Arboga,2016,13903
"Invånare  totalt, antal",Arjeplog,2010,3161
"Invånare  totalt, antal",Arjeplog,2011,3114
"Invånare  totalt, antal",Arjeplog,2012,3054
"Invånare  totalt, antal",Arjeplog,2013,2980
"Invånare  totalt, antal",Arjeplog,2014,2907
"Invånare  totalt, antal",Arjeplog,2015,2887
"Invånare  totalt, antal",Arjeplog,2016,2876
"Invånare  totalt, antal",Arvidsjaur,2010,6529
"Invånare  totalt, antal",Arvidsjaur,2011,6494
"Invånare  totalt, antal",Arvidsjaur,2012,6467
"Invånare  totalt, antal",Arvidsjaur,2013,6471
"Invånare  totalt, antal",Arvidsjaur,2014,6484
"Invånare  totalt, antal",Arvidsjaur,2015,6471
"Invånare  totalt, antal",Arvidsjaur,2016,6442
"Invånare  totalt, antal",Arvika,2010,26034
"Invånare  totalt, antal",Arvika,2011,25907
"Invånare  totalt, antal",Arvika,2012,25829
"Invånare  totalt, antal",Arvika,2013,25817
"Invånare  totalt, antal",Arvika,2014,25771
"Invånare  totalt, antal",Arvika,2015,25841
"Invånare  totalt, antal",Arvika,2016,26054
"Invånare  totalt, antal",Askersund,2010,11278
"Invånare  totalt, antal",Askersund,2011,11134
"Invånare  totalt, antal",Askersund,2012,11011
"Invånare  totalt, antal",Askersund,2013,11096
"Invånare  totalt, antal",Askersund,2014,11119
"Invånare  totalt, antal",Askersund,2015,11151
"Invånare  totalt, antal",Askersund,2016,11282
"Invånare  totalt, antal",Avesta,2010,21583
"Invånare  totalt, antal",Avesta,2011,21486
"Invånare  totalt, antal",Avesta,2012,21467
"Invånare  totalt, antal",Avesta,2013,21582
"Invånare  totalt, antal",Avesta,2014,22022
"Invånare  totalt, antal",Avesta,2015,22781
"Invånare  totalt, antal",Avesta,2016,23161
"Invånare  totalt, antal",Bengtsfors,2010,9791
"Invånare  totalt, antal",Bengtsfors,2011,9680
"Invånare  totalt, antal",Bengtsfors,2012,9588
"Invånare  totalt, antal",Bengtsfors,2013,9550
"Invånare  totalt, antal",Bengtsfors,2014,9556
"Invånare  totalt, antal",Bengtsfors,2015,9626
"Invånare  totalt, antal",Bengtsfors,2016,9940
"Invånare  totalt, antal",Berg,2010,7352
"Invånare  totalt, antal",Berg,2011,7345
"Invånare  totalt, antal",Berg,2012,7215
"Invånare  totalt, antal",Berg,2013,7160
"Invånare  totalt, antal",Berg,2014,7067
"Invånare  totalt, antal",Berg,2015,7032
"Invånare  totalt, antal",Berg,2016,7081
"Invånare  totalt, antal",Bjurholm,2010,2460
"Invånare  totalt, antal",Bjurholm,2011,2431
"Invånare  totalt, antal",Bjurholm,2012,2421
"Invånare  totalt, antal",Bjurholm,2013,2436
"Invånare  totalt, antal",Bjurholm,2014,2451
"Invånare  totalt, antal",Bjurholm,2015,2453
"Invånare  totalt, antal",Bjurholm,2016,2454
"Invånare  totalt, antal",Bjuv,2010,14841
"Invånare  totalt, antal",Bjuv,2011,14851
"Invånare  totalt, antal",Bjuv,2012,14866
"Invånare  totalt, antal",Bjuv,2013,14801
"Invånare  totalt, antal",Bjuv,2014,14894
"Invånare  totalt, antal",Bjuv,2015,14962
"Invånare  totalt, antal",Bjuv,2016,15202
"Invånare  totalt, antal",Boden,2010,27471
"Invånare  totalt, antal",Boden,2011,27643
"Invånare  totalt, antal",Boden,2012,27598
"Invånare  totalt, antal",Boden,2013,27838
"Invånare  totalt, antal",Boden,2014,27887
"Invånare  totalt, antal",Boden,2015,27913
"Invånare  totalt, antal",Boden,2016,28042
"Invånare  totalt, antal",Bollebygd,2010,8375
"Invånare  totalt, antal",Bollebygd,2011,8356
"Invånare  totalt, antal",Bollebygd,2012,8507
"Invånare  totalt, antal",Bollebygd,2013,8562
"Invånare  totalt, antal",Bollebygd,2014,8652
"Invånare  totalt, antal",Bollebygd,2015,8799
"Invånare  totalt, antal",Bollebygd,2016,9102
"Invånare  totalt, antal",Bollnäs,2010,26248
"Invånare  totalt, antal",Bollnäs,2011,26193
"Invånare  totalt, antal",Bollnäs,2012,26158
"Invånare  totalt, antal",Bollnäs,2013,26141
"Invånare  totalt, antal",Bollnäs,2014,26394
"Invånare  totalt, antal",Bollnäs,2015,26594
"Invånare  totalt, antal",Bollnäs,2016,26929
"Invånare  totalt, antal",Borgholm,2010,10676
"Invånare  totalt, antal",Borgholm,2011,10622
"Invånare  totalt, antal",Borgholm,2012,10768
"Invånare  totalt, antal",Borgholm,2013,10619
"Invånare  totalt, antal",Borgholm,2014,10681
"Invånare  totalt, antal",Borgholm,2015,10681
"Invånare  totalt, antal",Borgholm,2016,10930
"Invånare  totalt, antal",Borlänge,2010,49251
"Invånare  totalt, antal",Borlänge,2011,49323
"Invånare  totalt, antal",Borlänge,2012,49482
"Invånare  totalt, antal",Borlänge,2013,50023
"Invånare  totalt, antal",Borlänge,2014,50715
"Invånare  totalt, antal",Borlänge,2015,50988
"Invånare  totalt, antal",Borlänge,2016,51604
"Invånare  totalt, antal",Borås,2010,103294
"Invånare  totalt, antal",Borås,2011,104106
"Invånare  totalt, antal",Borås,2012,104867
"Invånare  totalt, antal",Borås,2013,105995
"Invånare  totalt, antal",Borås,2014,107022
"Invånare  totalt, antal",Borås,2015,108488
"Invånare  totalt, antal",Borås,2016,109880
"Invånare  totalt, antal",Botkyrka,2010,82608
"Invånare  totalt, antal",Botkyrka,2011,84677
"Invånare  totalt, antal",Botkyrka,2012,86274
"Invånare  totalt, antal",Botkyrka,2013,87580
"Invånare  totalt, antal",Botkyrka,2014,88901
"Invånare  totalt, antal",Botkyrka,2015,89425
"Invånare  totalt, antal",Botkyrka,2016,90675
"Invånare  totalt, antal",Boxholm,2010,5221
"Invånare  totalt, antal",Boxholm,2011,5205
"Invånare  totalt, antal",Boxholm,2012,5206
"Invånare  totalt, antal",Boxholm,2013,5278
"Invånare  totalt, antal",Boxholm,2014,5322
"Invånare  totalt, antal",Boxholm,2015,5328
"Invånare  totalt, antal",Boxholm,2016,5373
"Invånare  totalt, antal",Bromölla,2010,12272
"Invånare  totalt, antal",Bromölla,2011,12366
"Invånare  totalt, antal",Bromölla,2012,12250
"Invånare  totalt, antal",Bromölla,2013,12336
"Invånare  totalt, antal",Bromölla,2014,12400
"Invånare  totalt, antal",Bromölla,2015,12513
"Invånare  totalt, antal",Bromölla,2016,12625
"Invånare  totalt, antal",Bräcke,2010,6885
"Invånare  totalt, antal",Bräcke,2011,6750
"Invånare  totalt, antal",Bräcke,2012,6655
"Invånare  totalt, antal",Bräcke,2013,6559
"Invånare  totalt, antal",Bräcke,2014,6463
"Invånare  totalt, antal",Bräcke,2015,6455
"Invånare  totalt, antal",Bräcke,2016,6492
"Invånare  totalt, antal",Burlöv,2010,16701
"Invånare  totalt, antal",Burlöv,2011,16843
"Invånare  totalt, antal",Burlöv,2012,17011
"Invånare  totalt, antal",Burlöv,2013,17114
"Invånare  totalt, antal",Burlöv,2014,17211
"Invånare  totalt, antal",Burlöv,2015,17430
"Invånare  totalt, antal",Burlöv,2016,17646
"Invånare  totalt, antal",Båstad,2010,14278
"Invånare  totalt, antal",Båstad,2011,14230
"Invånare  totalt, antal",Båstad,2012,14263
"Invånare  totalt, antal",Båstad,2013,14275
"Invånare  totalt, antal",Båstad,2014,14419
"Invånare  totalt, antal",Båstad,2015,14373
"Invånare  totalt, antal",Båstad,2016,14614
"Invånare  totalt, antal",Dals-Ed,2010,4692
"Invånare  totalt, antal",Dals-Ed,2011,4679
"Invånare  totalt, antal",Dals-Ed,2012,4665
"Invånare  totalt, antal",Dals-Ed,2013,4740
"Invånare  totalt, antal",Dals-Ed,2014,4764
"Invånare  totalt, antal",Dals-Ed,2015,4799
"Invånare  totalt, antal",Dals-Ed,2016,4777
"Invånare  totalt, antal",Danderyd,2010,31330
"Invånare  totalt, antal",Danderyd,2011,31799
"Invånare  totalt, antal",Danderyd,2012,31960
"Invånare  totalt, antal",Danderyd,2013,32222
"Invånare  totalt, antal",Danderyd,2014,32295
"Invånare  totalt, antal",Danderyd,2015,32421
"Invånare  totalt, antal",Danderyd,2016,32653
"Invånare  totalt, antal",Degerfors,2010,9641
"Invånare  totalt, antal",Degerfors,2011,9551
"Invånare  totalt, antal",Degerfors,2012,9477
"Invånare  totalt, antal",Degerfors,2013,9500
"Invånare  totalt, antal",Degerfors,2014,9531
"Invånare  totalt, antal",Degerfors,2015,9543
"Invånare  totalt, antal",Degerfors,2016,9609
"Invånare  totalt, antal",Dorotea,2010,2878
"Invånare  totalt, antal",Dorotea,2011,2862
"Invånare  totalt, antal",Dorotea,2012,2794
"Invånare  totalt, antal",Dorotea,2013,2757
"Invånare  totalt, antal",Dorotea,2014,2757
"Invånare  totalt, antal",Dorotea,2015,2740
"Invånare  totalt, antal",Dorotea,2016,2719
"Invånare  totalt, antal",Eda,2010,8524
"Invånare  totalt, antal",Eda,2011,8460
"Invånare  totalt, antal",Eda,2012,8496
"Invånare  totalt, antal",Eda,2013,8426
"Invånare  totalt, antal",Eda,2014,8453
"Invånare  totalt, antal",Eda,2015,8505
"Invånare  totalt, antal",Eda,2016,8526
"Invånare  totalt, antal",Ekerö,2010,25410
"Invånare  totalt, antal",Ekerö,2011,25767
"Invånare  totalt, antal",Ekerö,2012,26160
"Invånare  totalt, antal",Ekerö,2013,26355
"Invånare  totalt, antal",Ekerö,2014,26698
"Invånare  totalt, antal",Ekerö,2015,26984
"Invånare  totalt, antal",Ekerö,2016,27406
"Invånare  totalt, antal",Eksjö,2010,16244
"Invånare  totalt, antal",Eksjö,2011,16304
"Invånare  totalt, antal",Eksjö,2012,16368
"Invånare  totalt, antal",Eksjö,2013,16464
"Invånare  totalt, antal",Eksjö,2014,16598
"Invånare  totalt, antal",Eksjö,2015,16790
"Invånare  totalt, antal",Eksjö,2016,17129
"Invånare  totalt, antal",Emmaboda,2010,9187
"Invånare  totalt, antal",Emmaboda,2011,9039
"Invånare  totalt, antal",Emmaboda,2012,8991
"Invånare  totalt, antal",Emmaboda,2013,8964
"Invånare  totalt, antal",Emmaboda,2014,9009
"Invånare  totalt, antal",Emmaboda,2015,9090
"Invånare  totalt, antal",Emmaboda,2016,9348
"Invånare  totalt, antal",Enköping,2010,39759
"Invånare  totalt, antal",Enköping,2011,40015
"Invånare  totalt, antal",Enköping,2012,40349
"Invånare  totalt, antal",Enköping,2013,40656
"Invånare  totalt, antal",Enköping,2014,41163
"Invånare  totalt, antal",Enköping,2015,41893
"Invånare  totalt, antal",Enköping,2016,42988
"Invånare  totalt, antal",Eskilstuna,2010,96311
"Invånare  totalt, antal",Eskilstuna,2011,97596
"Invånare  totalt, antal",Eskilstuna,2012,98765
"Invånare  totalt, antal",Eskilstuna,2013,99729
"Invånare  totalt, antal",Eskilstuna,2014,100923
"Invånare  totalt, antal",Eskilstuna,2015,102065
"Invånare  totalt, antal",Eskilstuna,2016,103684
"Invånare  totalt, antal",Eslöv,2010,31587
"Invånare  totalt, antal",Eslöv,2011,31728
"Invånare  totalt, antal",Eslöv,2012,31744
"Invånare  totalt, antal",Eslöv,2013,31920
"Invånare  totalt, antal",Eslöv,2014,32179
"Invånare  totalt, antal",Eslöv,2015,32438
"Invånare  totalt, antal",Eslöv,2016,32878
"Invånare  totalt, antal",Essunga,2010,5564
"Invånare  totalt, antal",Essunga,2011,5493
"Invånare  totalt, antal",Essunga,2012,5502
"Invånare  totalt, antal",Essunga,2013,5494
"Invånare  totalt, antal",Essunga,2014,5538
"Invånare  totalt, antal",Essunga,2015,5590
"Invånare  totalt, antal",Essunga,2016,5620
"Invånare  totalt, antal",Fagersta,2010,12443
"Invånare  totalt, antal",Fagersta,2011,12553
"Invånare  totalt, antal",Fagersta,2012,12634
"Invånare  totalt, antal",Fagersta,2013,12872
"Invånare  totalt, antal",Fagersta,2014,13133
"Invånare  totalt, antal",Fagersta,2015,13286
"Invånare  totalt, antal",Fagersta,2016,13445
"Invånare  totalt, antal",Falkenberg,2010,41008
"Invånare  totalt, antal",Falkenberg,2011,41304
"Invånare  totalt, antal",Falkenberg,2012,41423
"Invånare  totalt, antal",Falkenberg,2013,41912
"Invånare  totalt, antal",Falkenberg,2014,42433
"Invånare  totalt, antal",Falkenberg,2015,42949
"Invånare  totalt, antal",Falkenberg,2016,43867
"Invånare  totalt, antal",Falköping,2010,31513
"Invånare  totalt, antal",Falköping,2011,31689
"Invånare  totalt, antal",Falköping,2012,31689
"Invånare  totalt, antal",Falköping,2013,31988
"Invånare  totalt, antal",Falköping,2014,32185
"Invånare  totalt, antal",Falköping,2015,32511
"Invånare  totalt, antal",Falköping,2016,32806
"Invånare  totalt, antal",Falun,2010,56044
"Invånare  totalt, antal",Falun,2011,56124
"Invånare  totalt, antal",Falun,2012,56432
"Invånare  totalt, antal",Falun,2013,56767
"Invånare  totalt, antal",Falun,2014,56896
"Invånare  totalt, antal",Falun,2015,57062
"Invånare  totalt, antal",Falun,2016,57685
"Invånare  totalt, antal",Filipstad,2010,10562
"Invånare  totalt, antal",Filipstad,2011,10514
"Invånare  totalt, antal",Filipstad,2012,10549
"Invånare  totalt, antal",Filipstad,2013,10563
"Invånare  totalt, antal",Filipstad,2014,10613
"Invånare  totalt, antal",Filipstad,2015,10625
"Invånare  totalt, antal",Filipstad,2016,10960
"Invånare  totalt, antal",Finspång,2010,20747
"Invånare  totalt, antal",Finspång,2011,20763
"Invånare  totalt, antal",Finspång,2012,20791
"Invånare  totalt, antal",Finspång,2013,20903
"Invånare  totalt, antal",Finspång,2014,21150
"Invånare  totalt, antal",Finspång,2015,21199
"Invånare  totalt, antal",Finspång,2016,21526
"Invånare  totalt, antal",Flen,2010,16028
"Invånare  totalt, antal",Flen,2011,16063
"Invånare  totalt, antal",Flen,2012,16019
"Invånare  totalt, antal",Flen,2013,16156
"Invånare  totalt, antal",Flen,2014,16242
"Invånare  totalt, antal",Flen,2015,16440
"Invånare  totalt, antal",Flen,2016,16830
"Invånare  totalt, antal",Forshaga,2010,11266
"Invånare  totalt, antal",Forshaga,2011,11229
"Invånare  totalt, antal",Forshaga,2012,11311
"Invånare  totalt, antal",Forshaga,2013,11292
"Invånare  totalt, antal",Forshaga,2014,11379
"Invånare  totalt, antal",Forshaga,2015,11379
"Invånare  totalt, antal",Forshaga,2016,11451
"Invånare  totalt, antal",Färgelanda,2010,6654
"Invånare  totalt, antal",Färgelanda,2011,6606
"Invånare  totalt, antal",Färgelanda,2012,6549
"Invånare  totalt, antal",Färgelanda,2013,6520
"Invånare  totalt, antal",Färgelanda,2014,6502
"Invånare  totalt, antal",Färgelanda,2015,6495
"Invånare  totalt, antal",Färgelanda,2016,6627
"Invånare  totalt, antal",Gagnef,2010,10097
"Invånare  totalt, antal",Gagnef,2011,10069
"Invånare  totalt, antal",Gagnef,2012,10012
"Invånare  totalt, antal",Gagnef,2013,10023
"Invånare  totalt, antal",Gagnef,2014,10024
"Invånare  totalt, antal",Gagnef,2015,10079
"Invånare  totalt, antal",Gagnef,2016,10175
"Invånare  totalt, antal",Gislaved,2010,29111
"Invånare  totalt, antal",Gislaved,2011,28868
"Invånare  totalt, antal",Gislaved,2012,28732
"Invånare  totalt, antal",Gislaved,2013,28713
"Invånare  totalt, antal",Gislaved,2014,28737
"Invånare  totalt, antal",Gislaved,2015,29272
"Invånare  totalt, antal",Gislaved,2016,29478
"Invånare  totalt, antal",Gnesta,2010,10360
"Invånare  totalt, antal",Gnesta,2011,10345
"Invånare  totalt, antal",Gnesta,2012,10442
"Invånare  totalt, antal",Gnesta,2013,10409
"Invånare  totalt, antal",Gnesta,2014,10513
"Invånare  totalt, antal",Gnesta,2015,10649
"Invånare  totalt, antal",Gnesta,2016,10861
"Invånare  totalt, antal",Gnosjö,2010,9546
"Invånare  totalt, antal",Gnosjö,2011,9400
"Invånare  totalt, antal",Gnosjö,2012,9354
"Invånare  totalt, antal",Gnosjö,2013,9406
"Invånare  totalt, antal",Gnosjö,2014,9509
"Invånare  totalt, antal",Gnosjö,2015,9514
"Invånare  totalt, antal",Gnosjö,2016,9615
"Invånare  totalt, antal",Gotland,2010,57269
"Invånare  totalt, antal",Gotland,2011,57308
"Invånare  totalt, antal",Gotland,2012,57241
"Invånare  totalt, antal",Gotland,2013,57161
"Invånare  totalt, antal",Gotland,2014,57255
"Invånare  totalt, antal",Gotland,2015,57391
"Invånare  totalt, antal",Gotland,2016,58003
"Invånare  totalt, antal",Grums,2010,9091
"Invånare  totalt, antal",Grums,2011,9017
"Invånare  totalt, antal",Grums,2012,8939
"Invånare  totalt, antal",Grums,2013,8925
"Invånare  totalt, antal",Grums,2014,8958
"Invånare  totalt, antal",Grums,2015,8945
"Invånare  totalt, antal",Grums,2016,9063
"Invånare  totalt, antal",Grästorp,2010,5776
"Invånare  totalt, antal",Grästorp,2011,5674
"Invånare  totalt, antal",Grästorp,2012,5639
"Invånare  totalt, antal",Grästorp,2013,5641
"Invånare  totalt, antal",Grästorp,2014,5630
"Invånare  totalt, antal",Grästorp,2015,5644
"Invånare  totalt, antal",Grästorp,2016,5721
"Invånare  totalt, antal",Gullspång,2010,5291
"Invånare  totalt, antal",Gullspång,2011,5251
"Invånare  totalt, antal",Gullspång,2012,5221
"Invånare  totalt, antal",Gullspång,2013,5185
"Invånare  totalt, antal",Gullspång,2014,5240
"Invånare  totalt, antal",Gullspång,2015,5229
"Invånare  totalt, antal",Gullspång,2016,5307
"Invånare  totalt, antal",Gällivare,2010,18425
"Invånare  totalt, antal",Gällivare,2011,18326
"Invånare  totalt, antal",Gällivare,2012,18307
"Invånare  totalt, antal",Gällivare,2013,18339
"Invånare  totalt, antal",Gällivare,2014,18231
"Invånare  totalt, antal",Gällivare,2015,18123
"Invånare  totalt, antal",Gällivare,2016,17956
"Invånare  totalt, antal",Gävle,2010,95055
"Invånare  totalt, antal",Gävle,2011,95428
"Invånare  totalt, antal",Gävle,2012,96170
"Invånare  totalt, antal",Gävle,2013,97236
"Invånare  totalt, antal",Gävle,2014,98314
"Invånare  totalt, antal",Gävle,2015,98877
"Invånare  totalt, antal",Gävle,2016,99788
"Invånare  totalt, antal",Göteborg,2010,513751
"Invånare  totalt, antal",Göteborg,2011,520374
"Invånare  totalt, antal",Göteborg,2012,526089
"Invånare  totalt, antal",Göteborg,2013,533271
"Invånare  totalt, antal",Göteborg,2014,541145
"Invånare  totalt, antal",Göteborg,2015,548190
"Invånare  totalt, antal",Göteborg,2016,556640
"Invånare  totalt, antal",Götene,2010,13223
"Invånare  totalt, antal",Götene,2011,13134
"Invånare  totalt, antal",Götene,2012,13092
"Invånare  totalt, antal",Götene,2013,13028
"Invånare  totalt, antal",Götene,2014,13080
"Invånare  totalt, antal",Götene,2015,13160
"Invånare  totalt, antal",Götene,2016,13275
"Invånare  totalt, antal",Habo,2010,10741
"Invånare  totalt, antal",Habo,2011,10828
"Invånare  totalt, antal",Habo,2012,10879
"Invånare  totalt, antal",Habo,2013,10975
"Invånare  totalt, antal",Habo,2014,11110
"Invånare  totalt, antal",Habo,2015,11314
"Invånare  totalt, antal",Habo,2016,11586
"Invånare  totalt, antal",Hagfors,2010,12480
"Invånare  totalt, antal",Hagfors,2011,12282
"Invånare  totalt, antal",Hagfors,2012,12170
"Invånare  totalt, antal",Hagfors,2013,12071
"Invånare  totalt, antal",Hagfors,2014,11921
"Invånare  totalt, antal",Hagfors,2015,11824
"Invånare  totalt, antal",Hagfors,2016,11917
"Invånare  totalt, antal",Hallsberg,2010,15275
"Invånare  totalt, antal",Hallsberg,2011,15248
"Invånare  totalt, antal",Hallsberg,2012,15283
"Invånare  totalt, antal",Hallsberg,2013,15267
"Invånare  totalt, antal",Hallsberg,2014,15315
"Invånare  totalt, antal",Hallsberg,2015,15509
"Invånare  totalt, antal",Hallsberg,2016,15649
"Invånare  totalt, antal",Hallstahammar,2010,15175
"Invånare  totalt, antal",Hallstahammar,2011,15224
"Invånare  totalt, antal",Hallstahammar,2012,15346
"Invånare  totalt, antal",Hallstahammar,2013,15524
"Invånare  totalt, antal",Hallstahammar,2014,15596
"Invånare  totalt, antal",Hallstahammar,2015,15645
"Invånare  totalt, antal",Hallstahammar,2016,15843
"Invånare  totalt, antal",Halmstad,2010,91800
"Invånare  totalt, antal",Halmstad,2011,92294
"Invånare  totalt, antal",Halmstad,2012,93231
"Invånare  totalt, antal",Halmstad,2013,94084
"Invånare  totalt, antal",Halmstad,2014,95532
"Invånare  totalt, antal",Halmstad,2015,96952
"Invånare  totalt, antal",Halmstad,2016,98538
"Invånare  totalt, antal",Hammarö,2010,14926
"Invånare  totalt, antal",Hammarö,2011,14943
"Invånare  totalt, antal",Hammarö,2012,15061
"Invånare  totalt, antal",Hammarö,2013,15136
"Invånare  totalt, antal",Hammarö,2014,15256
"Invånare  totalt, antal",Hammarö,2015,15420
"Invånare  totalt, antal",Hammarö,2016,15725
"Invånare  totalt, antal",Haninge,2010,77054
"Invånare  totalt, antal",Haninge,2011,78326
"Invånare  totalt, antal",Haninge,2012,79430
"Invånare  totalt, antal",Haninge,2013,80932
"Invånare  totalt, antal",Haninge,2014,82407
"Invånare  totalt, antal",Haninge,2015,83866
"Invånare  totalt, antal",Haninge,2016,85693
"Invånare  totalt, antal",Haparanda,2010,10059
"Invånare  totalt, antal",Haparanda,2011,10041
"Invånare  totalt, antal",Haparanda,2012,9904
"Invånare  totalt, antal",Haparanda,2013,9886
"Invånare  totalt, antal",Haparanda,2014,9776
"Invånare  totalt, antal",Haparanda,2015,9831
"Invånare  totalt, antal",Haparanda,2016,9864
"Invånare  totalt, antal",Heby,2010,13382
"Invånare  totalt, antal",Heby,2011,13381
"Invånare  totalt, antal",Heby,2012,13364
"Invånare  totalt, antal",Heby,2013,13450
"Invånare  totalt, antal",Heby,2014,13490
"Invånare  totalt, antal",Heby,2015,13594
"Invånare  totalt, antal",Heby,2016,13755
"Invånare  totalt, antal",Hedemora,2010,15164
"Invånare  totalt, antal",Hedemora,2011,15119
"Invånare  totalt, antal",Hedemora,2012,15064
"Invånare  totalt, antal",Hedemora,2013,15021
"Invånare  totalt, antal",Hedemora,2014,15085
"Invånare  totalt, antal",Hedemora,2015,15235
"Invånare  totalt, antal",Hedemora,2016,15461
"Invånare  totalt, antal",Helsingborg,2010,129177
"Invånare  totalt, antal",Helsingborg,2011,130626
"Invånare  totalt, antal",Helsingborg,2012,132011
"Invånare  totalt, antal",Helsingborg,2013,132989
"Invånare  totalt, antal",Helsingborg,2014,135344
"Invånare  totalt, antal",Helsingborg,2015,137909
"Invånare  totalt, antal",Helsingborg,2016,140547
"Invånare  totalt, antal",Herrljunga,2010,9314
"Invånare  totalt, antal",Herrljunga,2011,9284
"Invånare  totalt, antal",Herrljunga,2012,9282
"Invånare  totalt, antal",Herrljunga,2013,9274
"Invånare  totalt, antal",Herrljunga,2014,9376
"Invånare  totalt, antal",Herrljunga,2015,9349
"Invånare  totalt, antal",Herrljunga,2016,9486
"Invånare  totalt, antal",Hjo,2010,8841
"Invånare  totalt, antal",Hjo,2011,8790
"Invånare  totalt, antal",Hjo,2012,8832
"Invånare  totalt, antal",Hjo,2013,8805
"Invånare  totalt, antal",Hjo,2014,8885
"Invånare  totalt, antal",Hjo,2015,8983
"Invånare  totalt, antal",Hjo,2016,9048
"Invånare  totalt, antal",Hofors,2010,9741
"Invånare  totalt, antal",Hofors,2011,9578
"Invånare  totalt, antal",Hofors,2012,9521
"Invånare  totalt, antal",Hofors,2013,9511
"Invånare  totalt, antal",Hofors,2014,9431
"Invånare  totalt, antal",Hofors,2015,9435
"Invånare  totalt, antal",Hofors,2016,9564
"Invånare  totalt, antal",Huddinge,2010,97453
"Invånare  totalt, antal",Huddinge,2011,99049
"Invånare  totalt, antal",Huddinge,2012,101010
"Invånare  totalt, antal",Huddinge,2013,102557
"Invånare  totalt, antal",Huddinge,2014,104185
"Invånare  totalt, antal",Huddinge,2015,105311
"Invånare  totalt, antal",Huddinge,2016,107538
"Invånare  totalt, antal",Hudiksvall,2010,36849
"Invånare  totalt, antal",Hudiksvall,2011,36784
"Invånare  totalt, antal",Hudiksvall,2012,36821
"Invånare  totalt, antal",Hudiksvall,2013,36829
"Invånare  totalt, antal",Hudiksvall,2014,36924
"Invånare  totalt, antal",Hudiksvall,2015,36975
"Invånare  totalt, antal",Hudiksvall,2016,37299
"Invånare  totalt, antal",Hultsfred,2010,13696
"Invånare  totalt, antal",Hultsfred,2011,13515
"Invånare  totalt, antal",Hultsfred,2012,13550
"Invånare  totalt, antal",Hultsfred,2013,13635
"Invånare  totalt, antal",Hultsfred,2014,13738
"Invånare  totalt, antal",Hultsfred,2015,13919
"Invånare  totalt, antal",Hultsfred,2016,14607
"Invånare  totalt, antal",Hylte,2010,10177
"Invånare  totalt, antal",Hylte,2011,10126
"Invånare  totalt, antal",Hylte,2012,10032
"Invånare  totalt, antal",Hylte,2013,10001
"Invånare  totalt, antal",Hylte,2014,10278
"Invånare  totalt, antal",Hylte,2015,10514
"Invånare  totalt, antal",Hylte,2016,10954
"Invånare  totalt, antal",Håbo,2010,19629
"Invånare  totalt, antal",Håbo,2011,19715
"Invånare  totalt, antal",Håbo,2012,19883
"Invånare  totalt, antal",Håbo,2013,19968
"Invånare  totalt, antal",Håbo,2014,20034
"Invånare  totalt, antal",Håbo,2015,20279
"Invånare  totalt, antal",Håbo,2016,20737
"Invånare  totalt, antal",Hällefors,2010,7220
"Invånare  totalt, antal",Hällefors,2011,7140
"Invånare  totalt, antal",Hällefors,2012,6988
"Invånare  totalt, antal",Hällefors,2013,6982
"Invånare  totalt, antal",Hällefors,2014,6936
"Invånare  totalt, antal",Hällefors,2015,7032
"Invånare  totalt, antal",Hällefors,2016,7138
"Invånare  totalt, antal",Härjedalen,2010,10454
"Invånare  totalt, antal",Härjedalen,2011,10341
"Invånare  totalt, antal",Härjedalen,2012,10246
"Invånare  totalt, antal",Härjedalen,2013,10281
"Invånare  totalt, antal",Härjedalen,2014,10224
"Invånare  totalt, antal",Härjedalen,2015,10262
"Invånare  totalt, antal",Härjedalen,2016,10200
"Invånare  totalt, antal",Härnösand,2010,24611
"Invånare  totalt, antal",Härnösand,2011,24541
"Invånare  totalt, antal",Härnösand,2012,24398
"Invånare  totalt, antal",Härnösand,2013,24509
"Invånare  totalt, antal",Härnösand,2014,24755
"Invånare  totalt, antal",Härnösand,2015,25066
"Invånare  totalt, antal",Härnösand,2016,25269
"Invånare  totalt, antal",Härryda,2010,34463
"Invånare  totalt, antal",Härryda,2011,34854
"Invånare  totalt, antal",Härryda,2012,35223
"Invånare  totalt, antal",Härryda,2013,35732
"Invånare  totalt, antal",Härryda,2014,36291
"Invånare  totalt, antal",Härryda,2015,36651
"Invånare  totalt, antal",Härryda,2016,37108
"Invånare  totalt, antal",Hässleholm,2010,50107
"Invånare  totalt, antal",Hässleholm,2011,50164
"Invånare  totalt, antal",Hässleholm,2012,50163
"Invånare  totalt, antal",Hässleholm,2013,50227
"Invånare  totalt, antal",Hässleholm,2014,50565
"Invånare  totalt, antal",Hässleholm,2015,51048
"Invånare  totalt, antal",Hässleholm,2016,51667
"Invånare  totalt, antal",Höganäs,2010,24637
"Invånare  totalt, antal",Höganäs,2011,24698
"Invånare  totalt, antal",Höganäs,2012,24863
"Invånare  totalt, antal",Höganäs,2013,25084
"Invånare  totalt, antal",Höganäs,2014,25298
"Invånare  totalt, antal",Höganäs,2015,25610
"Invånare  totalt, antal",Höganäs,2016,25847
"Invånare  totalt, antal",Högsby,2010,5777
"Invånare  totalt, antal",Högsby,2011,5768
"Invånare  totalt, antal",Högsby,2012,5730
"Invånare  totalt, antal",Högsby,2013,5718
"Invånare  totalt, antal",Högsby,2014,5782
"Invånare  totalt, antal",Högsby,2015,5857
"Invånare  totalt, antal",Högsby,2016,6080
"Invånare  totalt, antal",Hörby,2010,14840
"Invånare  totalt, antal",Hörby,2011,14901
"Invånare  totalt, antal",Hörby,2012,14958
"Invånare  totalt, antal",Hörby,2013,14917
"Invånare  totalt, antal",Hörby,2014,14927
"Invånare  totalt, antal",Hörby,2015,15020
"Invånare  totalt, antal",Hörby,2016,15283
"Invånare  totalt, antal",Höör,2010,15460
"Invånare  totalt, antal",Höör,2011,15492
"Invånare  totalt, antal",Höör,2012,15526
"Invånare  totalt, antal",Höör,2013,15637
"Invånare  totalt, antal",Höör,2014,15770
"Invånare  totalt, antal",Höör,2015,15970
"Invånare  totalt, antal",Höör,2016,16192
"Invånare  totalt, antal",Jokkmokk,2010,5170
"Invånare  totalt, antal",Jokkmokk,2011,5119
"Invånare  totalt, antal",Jokkmokk,2012,5086
"Invånare  totalt, antal",Jokkmokk,2013,5066
"Invånare  totalt, antal",Jokkmokk,2014,5086
"Invånare  totalt, antal",Jokkmokk,2015,5072
"Invånare  totalt, antal",Jokkmokk,2016,5105
"Invånare  totalt, antal",Järfälla,2010,66211
"Invånare  totalt, antal",Järfälla,2011,67320
"Invånare  totalt, antal",Järfälla,2012,68210
"Invånare  totalt, antal",Järfälla,2013,69167
"Invånare  totalt, antal",Järfälla,2014,70701
"Invånare  totalt, antal",Järfälla,2015,72429
"Invånare  totalt, antal",Järfälla,2016,74412
"Invånare  totalt, antal",Jönköping,2010,127382
"Invånare  totalt, antal",Jönköping,2011,128305
"Invånare  totalt, antal",Jönköping,2012,129478
"Invånare  totalt, antal",Jönköping,2013,130798
"Invånare  totalt, antal",Jönköping,2014,132140
"Invånare  totalt, antal",Jönköping,2015,133310
"Invånare  totalt, antal",Jönköping,2016,135297
"Invånare  totalt, antal",Kalix,2010,16740
"Invånare  totalt, antal",Kalix,2011,16591
"Invånare  totalt, antal",Kalix,2012,16518
"Invånare  totalt, antal",Kalix,2013,16387
"Invånare  totalt, antal",Kalix,2014,16307
"Invånare  totalt, antal",Kalix,2015,16248
"Invånare  totalt, antal",Kalix,2016,16223
"Invånare  totalt, antal",Kalmar,2010,62815
"Invånare  totalt, antal",Kalmar,2011,63055
"Invånare  totalt, antal",Kalmar,2012,63671
"Invånare  totalt, antal",Kalmar,2013,63887
"Invånare  totalt, antal",Kalmar,2014,64676
"Invånare  totalt, antal",Kalmar,2015,65704
"Invånare  totalt, antal",Kalmar,2016,66571
"Invånare  totalt, antal",Karlsborg,2010,6752
"Invånare  totalt, antal",Karlsborg,2011,6722
"Invånare  totalt, antal",Karlsborg,2012,6699
"Invånare  totalt, antal",Karlsborg,2013,6757
"Invånare  totalt, antal",Karlsborg,2014,6786
"Invånare  totalt, antal",Karlsborg,2015,6764
"Invånare  totalt, antal",Karlsborg,2016,6913
"Invånare  totalt, antal",Karlshamn,2010,31143
"Invånare  totalt, antal",Karlshamn,2011,31185
"Invånare  totalt, antal",Karlshamn,2012,31132
"Invånare  totalt, antal",Karlshamn,2013,31272
"Invånare  totalt, antal",Karlshamn,2014,31598
"Invånare  totalt, antal",Karlshamn,2015,31846
"Invånare  totalt, antal",Karlshamn,2016,32130
"Invånare  totalt, antal",Karlskoga,2010,29668
"Invånare  totalt, antal",Karlskoga,2011,29616
"Invånare  totalt, antal",Karlskoga,2012,29631
"Invånare  totalt, antal",Karlskoga,2013,29728
"Invånare  totalt, antal",Karlskoga,2014,30054
"Invånare  totalt, antal",Karlskoga,2015,30283
"Invånare  totalt, antal",Karlskoga,2016,30538
"Invånare  totalt, antal",Karlskrona,2010,64032
"Invånare  totalt, antal",Karlskrona,2011,64215
"Invånare  totalt, antal",Karlskrona,2012,63691
"Invånare  totalt, antal",Karlskrona,2013,63912
"Invånare  totalt, antal",Karlskrona,2014,64348
"Invånare  totalt, antal",Karlskrona,2015,65380
"Invånare  totalt, antal",Karlskrona,2016,66262
"Invånare  totalt, antal",Karlstad,2010,85753
"Invånare  totalt, antal",Karlstad,2011,86409
"Invånare  totalt, antal",Karlstad,2012,86929
"Invånare  totalt, antal",Karlstad,2013,87786
"Invånare  totalt, antal",Karlstad,2014,88350
"Invånare  totalt, antal",Karlstad,2015,89245
"Invånare  totalt, antal",Karlstad,2016,90198
"Invånare  totalt, antal",Katrineholm,2010,32428
"Invånare  totalt, antal",Katrineholm,2011,32409
"Invånare  totalt, antal",Katrineholm,2012,32549
"Invånare  totalt, antal",Katrineholm,2013,32930
"Invånare  totalt, antal",Katrineholm,2014,33268
"Invånare  totalt, antal",Katrineholm,2015,33462
"Invånare  totalt, antal",Katrineholm,2016,33722
"Invånare  totalt, antal",Kil,2010,11706
"Invånare  totalt, antal",Kil,2011,11682
"Invånare  totalt, antal",Kil,2012,11782
"Invånare  totalt, antal",Kil,2013,11810
"Invånare  totalt, antal",Kil,2014,11885
"Invånare  totalt, antal",Kil,2015,11802
"Invånare  totalt, antal",Kil,2016,11800
"Invånare  totalt, antal",Kinda,2010,9762
"Invånare  totalt, antal",Kinda,2011,9799
"Invånare  totalt, antal",Kinda,2012,9744
"Invånare  totalt, antal",Kinda,2013,9802
"Invånare  totalt, antal",Kinda,2014,9795
"Invånare  totalt, antal",Kinda,2015,9795
"Invånare  totalt, antal",Kinda,2016,9874
"Invånare  totalt, antal",Kiruna,2010,22944
"Invånare  totalt, antal",Kiruna,2011,22967
"Invånare  totalt, antal",Kiruna,2012,22972
"Invånare  totalt, antal",Kiruna,2013,23196
"Invånare  totalt, antal",Kiruna,2014,23241
"Invånare  totalt, antal",Kiruna,2015,23178
"Invånare  totalt, antal",Kiruna,2016,23167
"Invånare  totalt, antal",Klippan,2010,16515
"Invånare  totalt, antal",Klippan,2011,16601
"Invånare  totalt, antal",Klippan,2012,16660
"Invånare  totalt, antal",Klippan,2013,16715
"Invånare  totalt, antal",Klippan,2014,16733
"Invånare  totalt, antal",Klippan,2015,16917
"Invånare  totalt, antal",Klippan,2016,17219
"Invånare  totalt, antal",Knivsta,2010,14724
"Invånare  totalt, antal",Knivsta,2011,14965
"Invånare  totalt, antal",Knivsta,2012,15279
"Invånare  totalt, antal",Knivsta,2013,15580
"Invånare  totalt, antal",Knivsta,2014,16105
"Invånare  totalt, antal",Knivsta,2015,16869
"Invånare  totalt, antal",Knivsta,2016,17323
"Invånare  totalt, antal",Kramfors,2010,18911
"Invånare  totalt, antal",Kramfors,2011,18742
"Invånare  totalt, antal",Kramfors,2012,18516
"Invånare  totalt, antal",Kramfors,2013,18450
"Invånare  totalt, antal",Kramfors,2014,18435
"Invånare  totalt, antal",Kramfors,2015,18359
"Invånare  totalt, antal",Kramfors,2016,18681
"Invånare  totalt, antal",Kristianstad,2010,79543
"Invånare  totalt, antal",Kristianstad,2011,79930
"Invånare  totalt, antal",Kristianstad,2012,80507
"Invånare  totalt, antal",Kristianstad,2013,81009
"Invånare  totalt, antal",Kristianstad,2014,81826
"Invånare  totalt, antal",Kristianstad,2015,82510
"Invånare  totalt, antal",Kristianstad,2016,83191
"Invånare  totalt, antal",Kristinehamn,2010,23808
"Invånare  totalt, antal",Kristinehamn,2011,23698
"Invånare  totalt, antal",Kristinehamn,2012,23729
"Invånare  totalt, antal",Kristinehamn,2013,23949
"Invånare  totalt, antal",Kristinehamn,2014,24114
"Invånare  totalt, antal",Kristinehamn,2015,24270
"Invånare  totalt, antal",Kristinehamn,2016,24671
"Invånare  totalt, antal",Krokom,2010,14535
"Invånare  totalt, antal",Krokom,2011,14559
"Invånare  totalt, antal",Krokom,2012,14590
"Invånare  totalt, antal",Krokom,2013,14643
"Invånare  totalt, antal",Krokom,2014,14648
"Invånare  totalt, antal",Krokom,2015,14785
"Invånare  totalt, antal",Krokom,2016,14843
"Invånare  totalt, antal",Kumla,2010,20456
"Invånare  totalt, antal",Kumla,2011,20510
"Invånare  totalt, antal",Kumla,2012,20738
"Invånare  totalt, antal",Kumla,2013,20904
"Invånare  totalt, antal",Kumla,2014,21016
"Invånare  totalt, antal",Kumla,2015,21154
"Invånare  totalt, antal",Kumla,2016,21334
"Invånare  totalt, antal",Kungsbacka,2010,75025
"Invånare  totalt, antal",Kungsbacka,2011,75954
"Invånare  totalt, antal",Kungsbacka,2012,76786
"Invånare  totalt, antal",Kungsbacka,2013,77390
"Invånare  totalt, antal",Kungsbacka,2014,78219
"Invånare  totalt, antal",Kungsbacka,2015,79144
"Invånare  totalt, antal",Kungsbacka,2016,80442
"Invånare  totalt, antal",Kungsör,2010,8089
"Invånare  totalt, antal",Kungsör,2011,8086
"Invånare  totalt, antal",Kungsör,2012,8030
"Invånare  totalt, antal",Kungsör,2013,8175
"Invånare  totalt, antal",Kungsör,2014,8269
"Invånare  totalt, antal",Kungsör,2015,8343
"Invånare  totalt, antal",Kungsör,2016,8432
"Invånare  totalt, antal",Kungälv,2010,41241
"Invånare  totalt, antal",Kungälv,2011,41538
"Invånare  totalt, antal",Kungälv,2012,41753
"Invånare  totalt, antal",Kungälv,2013,42109
"Invånare  totalt, antal",Kungälv,2014,42334
"Invånare  totalt, antal",Kungälv,2015,42730
"Invånare  totalt, antal",Kungälv,2016,43289
"Invånare  totalt, antal",Kävlinge,2010,29013
"Invånare  totalt, antal",Kävlinge,2011,29261
"Invånare  totalt, antal",Kävlinge,2012,29427
"Invånare  totalt, antal",Kävlinge,2013,29600
"Invånare  totalt, antal",Kävlinge,2014,29808
"Invånare  totalt, antal",Kävlinge,2015,30104
"Invånare  totalt, antal",Kävlinge,2016,30532
"Invånare  totalt, antal",Köping,2010,24905
"Invånare  totalt, antal",Köping,2011,24807
"Invånare  totalt, antal",Köping,2012,24854
"Invånare  totalt, antal",Köping,2013,25237
"Invånare  totalt, antal",Köping,2014,25376
"Invånare  totalt, antal",Köping,2015,25557
"Invånare  totalt, antal",Köping,2016,25950
"Invånare  totalt, antal",Laholm,2010,23390
"Invånare  totalt, antal",Laholm,2011,23470
"Invånare  totalt, antal",Laholm,2012,23458
"Invånare  totalt, antal",Laholm,2013,23517
"Invånare  totalt, antal",Laholm,2014,23781
"Invånare  totalt, antal",Laholm,2015,24195
"Invånare  totalt, antal",Laholm,2016,24664
"Invånare  totalt, antal",Landskrona,2010,41724
"Invånare  totalt, antal",Landskrona,2011,42189
"Invånare  totalt, antal",Landskrona,2012,42560
"Invånare  totalt, antal",Landskrona,2013,43073
"Invånare  totalt, antal",Landskrona,2014,43574
"Invånare  totalt, antal",Landskrona,2015,43961
"Invånare  totalt, antal",Landskrona,2016,44611
"Invånare  totalt, antal",Laxå,2010,5686
"Invånare  totalt, antal",Laxå,2011,5622
"Invånare  totalt, antal",Laxå,2012,5552
"Invånare  totalt, antal",Laxå,2013,5580
"Invånare  totalt, antal",Laxå,2014,5664
"Invånare  totalt, antal",Laxå,2015,5656
"Invånare  totalt, antal",Laxå,2016,5709
"Invånare  totalt, antal",Lekeberg,2010,7134
"Invånare  totalt, antal",Lekeberg,2011,7223
"Invånare  totalt, antal",Lekeberg,2012,7298
"Invånare  totalt, antal",Lekeberg,2013,7289
"Invånare  totalt, antal",Lekeberg,2014,7363
"Invånare  totalt, antal",Lekeberg,2015,7492
"Invånare  totalt, antal",Lekeberg,2016,7636
"Invånare  totalt, antal",Leksand,2010,15289
"Invånare  totalt, antal",Leksand,2011,15238
"Invånare  totalt, antal",Leksand,2012,15146
"Invånare  totalt, antal",Leksand,2013,15157
"Invånare  totalt, antal",Leksand,2014,15252
"Invånare  totalt, antal",Leksand,2015,15326
"Invånare  totalt, antal",Leksand,2016,15507
"Invånare  totalt, antal",Lerum,2010,38580
"Invånare  totalt, antal",Lerum,2011,38788
"Invånare  totalt, antal",Lerum,2012,39070
"Invånare  totalt, antal",Lerum,2013,39319
"Invånare  totalt, antal",Lerum,2014,39771
"Invånare  totalt, antal",Lerum,2015,40181
"Invånare  totalt, antal",Lerum,2016,40692
"Invånare  totalt, antal",Lessebo,2010,8139
"Invånare  totalt, antal",Lessebo,2011,8077
"Invånare  totalt, antal",Lessebo,2012,8012
"Invånare  totalt, antal",Lessebo,2013,8059
"Invånare  totalt, antal",Lessebo,2014,8256
"Invånare  totalt, antal",Lessebo,2015,8516
"Invånare  totalt, antal",Lessebo,2016,8760
"Invånare  totalt, antal",Lidingö,2010,44017
"Invånare  totalt, antal",Lidingö,2011,44081
"Invånare  totalt, antal",Lidingö,2012,44434
"Invånare  totalt, antal",Lidingö,2013,45178
"Invånare  totalt, antal",Lidingö,2014,45465
"Invånare  totalt, antal",Lidingö,2015,46302
"Invånare  totalt, antal",Lidingö,2016,46853
"Invånare  totalt, antal",Lidköping,2010,38048
"Invånare  totalt, antal",Lidköping,2011,38183
"Invånare  totalt, antal",Lidköping,2012,38254
"Invånare  totalt, antal",Lidköping,2013,38414
"Invånare  totalt, antal",Lidköping,2014,38761
"Invånare  totalt, antal",Lidköping,2015,39009
"Invånare  totalt, antal",Lidköping,2016,39235
"Invånare  totalt, antal",Lilla Edet,2010,12578
"Invånare  totalt, antal",Lilla Edet,2011,12540
"Invånare  totalt, antal",Lilla Edet,2012,12580
"Invånare  totalt, antal",Lilla Edet,2013,12829
"Invånare  totalt, antal",Lilla Edet,2014,13031
"Invånare  totalt, antal",Lilla Edet,2015,13178
"Invånare  totalt, antal",Lilla Edet,2016,13728
"Invånare  totalt, antal",Lindesberg,2010,23034
"Invånare  totalt, antal",Lindesberg,2011,23108
"Invånare  totalt, antal",Lindesberg,2012,22979
"Invånare  totalt, antal",Lindesberg,2013,23176
"Invånare  totalt, antal",Lindesberg,2014,23269
"Invånare  totalt, antal",Lindesberg,2015,23562
"Invånare  totalt, antal",Lindesberg,2016,23744
"Invånare  totalt, antal",Linköping,2010,146416
"Invånare  totalt, antal",Linköping,2011,147334
"Invånare  totalt, antal",Linköping,2012,148521
"Invånare  totalt, antal",Linköping,2013,150202
"Invånare  totalt, antal",Linköping,2014,151881
"Invånare  totalt, antal",Linköping,2015,152966
"Invånare  totalt, antal",Linköping,2016,155817
"Invånare  totalt, antal",Ljungby,2010,27297
"Invånare  totalt, antal",Ljungby,2011,27357
"Invånare  totalt, antal",Ljungby,2012,27423
"Invånare  totalt, antal",Ljungby,2013,27277
"Invånare  totalt, antal",Ljungby,2014,27522
"Invånare  totalt, antal",Ljungby,2015,27638
"Invånare  totalt, antal",Ljungby,2016,28008
"Invånare  totalt, antal",Ljusdal,2010,19065
"Invånare  totalt, antal",Ljusdal,2011,18974
"Invånare  totalt, antal",Ljusdal,2012,18880
"Invånare  totalt, antal",Ljusdal,2013,18931
"Invånare  totalt, antal",Ljusdal,2014,18949
"Invånare  totalt, antal",Ljusdal,2015,19027
"Invånare  totalt, antal",Ljusdal,2016,19067
"Invånare  totalt, antal",Ljusnarsberg,2010,4931
"Invånare  totalt, antal",Ljusnarsberg,2011,4870
"Invånare  totalt, antal",Ljusnarsberg,2012,4848
"Invånare  totalt, antal",Ljusnarsberg,2013,4875
"Invånare  totalt, antal",Ljusnarsberg,2014,4913
"Invånare  totalt, antal",Ljusnarsberg,2015,4928
"Invånare  totalt, antal",Ljusnarsberg,2016,5006
"Invånare  totalt, antal",Lomma,2010,21559
"Invånare  totalt, antal",Lomma,2011,22017
"Invånare  totalt, antal",Lomma,2012,22298
"Invånare  totalt, antal",Lomma,2013,22496
"Invånare  totalt, antal",Lomma,2014,22946
"Invånare  totalt, antal",Lomma,2015,23324
"Invånare  totalt, antal",Lomma,2016,23887
"Invånare  totalt, antal",Ludvika,2010,25810
"Invånare  totalt, antal",Ludvika,2011,25586
"Invånare  totalt, antal",Ludvika,2012,25639
"Invånare  totalt, antal",Ludvika,2013,25712
"Invånare  totalt, antal",Ludvika,2014,26030
"Invånare  totalt, antal",Ludvika,2015,26362
"Invånare  totalt, antal",Ludvika,2016,26933
"Invånare  totalt, antal",Luleå,2010,74178
"Invånare  totalt, antal",Luleå,2011,74426
"Invånare  totalt, antal",Luleå,2012,74905
"Invånare  totalt, antal",Luleå,2013,75383
"Invånare  totalt, antal",Luleå,2014,75966
"Invånare  totalt, antal",Luleå,2015,76088
"Invånare  totalt, antal",Luleå,2016,76770
"Invånare  totalt, antal",Lund,2010,110488
"Invånare  totalt, antal",Lund,2011,111666
"Invånare  totalt, antal",Lund,2012,112950
"Invånare  totalt, antal",Lund,2013,114291
"Invånare  totalt, antal",Lund,2014,115968
"Invånare  totalt, antal",Lund,2015,116834
"Invånare  totalt, antal",Lund,2016,118542
"Invånare  totalt, antal",Lycksele,2010,12376
"Invånare  totalt, antal",Lycksele,2011,12343
"Invånare  totalt, antal",Lycksele,2012,12351
"Invånare  totalt, antal",Lycksele,2013,12270
"Invånare  totalt, antal",Lycksele,2014,12208
"Invånare  totalt, antal",Lycksele,2015,12177
"Invånare  totalt, antal",Lycksele,2016,12187
"Invånare  totalt, antal",Lysekil,2010,14521
"Invånare  totalt, antal",Lysekil,2011,14398
"Invånare  totalt, antal",Lysekil,2012,14396
"Invånare  totalt, antal",Lysekil,2013,14369
"Invånare  totalt, antal",Lysekil,2014,14299
"Invånare  totalt, antal",Lysekil,2015,14464
"Invånare  totalt, antal",Lysekil,2016,14570
"Invånare  totalt, antal",Malmö,2010,298963
"Invånare  totalt, antal",Malmö,2011,302835
"Invånare  totalt, antal",Malmö,2012,307758
"Invånare  totalt, antal",Malmö,2013,312994
"Invånare  totalt, antal",Malmö,2014,318107
"Invånare  totalt, antal",Malmö,2015,322574
"Invånare  totalt, antal",Malmö,2016,328494
"Invånare  totalt, antal",Malung-Sälen,2010,10356
"Invånare  totalt, antal",Malung-Sälen,2011,10262
"Invånare  totalt, antal",Malung-Sälen,2012,10178
"Invånare  totalt, antal",Malung-Sälen,2013,10061
"Invånare  totalt, antal",Malung-Sälen,2014,9969
"Invånare  totalt, antal",Malung-Sälen,2015,10036
"Invånare  totalt, antal",Malung-Sälen,2016,10091
"Invånare  totalt, antal",Malå,2010,3274
"Invånare  totalt, antal",Malå,2011,3230
"Invånare  totalt, antal",Malå,2012,3196
"Invånare  totalt, antal",Malå,2013,3155
"Invånare  totalt, antal",Malå,2014,3115
"Invånare  totalt, antal",Malå,2015,3109
"Invånare  totalt, antal",Malå,2016,3100
"Invånare  totalt, antal",Mariestad,2010,23741
"Invånare  totalt, antal",Mariestad,2011,23732
"Invånare  totalt, antal",Mariestad,2012,23739
"Invånare  totalt, antal",Mariestad,2013,23870
"Invånare  totalt, antal",Mariestad,2014,23921
"Invånare  totalt, antal",Mariestad,2015,24043
"Invånare  totalt, antal",Mariestad,2016,24215
"Invånare  totalt, antal",Mark,2010,33845
"Invånare  totalt, antal",Mark,2011,33791
"Invånare  totalt, antal",Mark,2012,33763
"Invånare  totalt, antal",Mark,2013,33753
"Invånare  totalt, antal",Mark,2014,33887
"Invånare  totalt, antal",Mark,2015,33906
"Invånare  totalt, antal",Mark,2016,34218
"Invånare  totalt, antal",Markaryd,2010,9619
"Invånare  totalt, antal",Markaryd,2011,9513
"Invånare  totalt, antal",Markaryd,2012,9477
"Invånare  totalt, antal",Markaryd,2013,9515
"Invånare  totalt, antal",Markaryd,2014,9549
"Invånare  totalt, antal",Markaryd,2015,9779
"Invånare  totalt, antal",Markaryd,2016,9991
"Invånare  totalt, antal",Mellerud,2010,9179
"Invånare  totalt, antal",Mellerud,2011,9068
"Invånare  totalt, antal",Mellerud,2012,8946
"Invånare  totalt, antal",Mellerud,2013,8892
"Invånare  totalt, antal",Mellerud,2014,8936
"Invånare  totalt, antal",Mellerud,2015,9169
"Invånare  totalt, antal",Mellerud,2016,9323
"Invånare  totalt, antal",Mjölby,2010,25856
"Invånare  totalt, antal",Mjölby,2011,26073
"Invånare  totalt, antal",Mjölby,2012,26195
"Invånare  totalt, antal",Mjölby,2013,26313
"Invånare  totalt, antal",Mjölby,2014,26428
"Invånare  totalt, antal",Mjölby,2015,26602
"Invånare  totalt, antal",Mjölby,2016,26708
"Invånare  totalt, antal",Mora,2010,20153
"Invånare  totalt, antal",Mora,2011,20107
"Invånare  totalt, antal",Mora,2012,20082
"Invånare  totalt, antal",Mora,2013,19998
"Invånare  totalt, antal",Mora,2014,20006
"Invånare  totalt, antal",Mora,2015,20101
"Invånare  totalt, antal",Mora,2016,20279
"Invånare  totalt, antal",Motala,2010,41955
"Invånare  totalt, antal",Motala,2011,41828
"Invånare  totalt, antal",Motala,2012,41867
"Invånare  totalt, antal",Motala,2013,42187
"Invånare  totalt, antal",Motala,2014,42556
"Invånare  totalt, antal",Motala,2015,42903
"Invånare  totalt, antal",Motala,2016,43258
"Invånare  totalt, antal",Mullsjö,2010,7033
"Invånare  totalt, antal",Mullsjö,2011,7034
"Invånare  totalt, antal",Mullsjö,2012,7070
"Invånare  totalt, antal",Mullsjö,2013,7039
"Invånare  totalt, antal",Mullsjö,2014,7109
"Invånare  totalt, antal",Mullsjö,2015,7157
"Invånare  totalt, antal",Mullsjö,2016,7226
"Invånare  totalt, antal",Munkedal,2010,10181
"Invånare  totalt, antal",Munkedal,2011,10223
"Invånare  totalt, antal",Munkedal,2012,10173
"Invånare  totalt, antal",Munkedal,2013,10205
"Invånare  totalt, antal",Munkedal,2014,10243
"Invånare  totalt, antal",Munkedal,2015,10205
"Invånare  totalt, antal",Munkedal,2016,10361
"Invånare  totalt, antal",Munkfors,2010,3771
"Invånare  totalt, antal",Munkfors,2011,3702
"Invånare  totalt, antal",Munkfors,2012,3642
"Invånare  totalt, antal",Munkfors,2013,3656
"Invånare  totalt, antal",Munkfors,2014,3656
"Invånare  totalt, antal",Munkfors,2015,3663
"Invånare  totalt, antal",Munkfors,2016,3738
"Invånare  totalt, antal",Mölndal,2010,60973
"Invånare  totalt, antal",Mölndal,2011,61337
"Invånare  totalt, antal",Mölndal,2012,61659
"Invånare  totalt, antal",Mölndal,2013,61978
"Invånare  totalt, antal",Mölndal,2014,62927
"Invånare  totalt, antal",Mölndal,2015,63340
"Invånare  totalt, antal",Mölndal,2016,64465
"Invånare  totalt, antal",Mönsterås,2010,12909
"Invånare  totalt, antal",Mönsterås,2011,12853
"Invånare  totalt, antal",Mönsterås,2012,12799
"Invånare  totalt, antal",Mönsterås,2013,12949
"Invånare  totalt, antal",Mönsterås,2014,13057
"Invånare  totalt, antal",Mönsterås,2015,13144
"Invånare  totalt, antal",Mönsterås,2016,13395
"Invånare  totalt, antal",Mörbylånga,2010,14021
"Invånare  totalt, antal",Mörbylånga,2011,14138
"Invånare  totalt, antal",Mörbylånga,2012,14256
"Invånare  totalt, antal",Mörbylånga,2013,14368
"Invånare  totalt, antal",Mörbylånga,2014,14498
"Invånare  totalt, antal",Mörbylånga,2015,14669
"Invånare  totalt, antal",Mörbylånga,2016,14916
"Invånare  totalt, antal",Nacka,2010,90108
"Invånare  totalt, antal",Nacka,2011,91616
"Invånare  totalt, antal",Nacka,2012,92873
"Invånare  totalt, antal",Nacka,2013,94423
"Invånare  totalt, antal",Nacka,2014,96217
"Invånare  totalt, antal",Nacka,2015,97986
"Invånare  totalt, antal",Nacka,2016,99359
"Invånare  totalt, antal",Nora,2010,10447
"Invånare  totalt, antal",Nora,2011,10429
"Invånare  totalt, antal",Nora,2012,10356
"Invånare  totalt, antal",Nora,2013,10399
"Invånare  totalt, antal",Nora,2014,10352
"Invånare  totalt, antal",Nora,2015,10502
"Invånare  totalt, antal",Nora,2016,10665
"Invånare  totalt, antal",Norberg,2010,5723
"Invånare  totalt, antal",Norberg,2011,5725
"Invånare  totalt, antal",Norberg,2012,5630
"Invånare  totalt, antal",Norberg,2013,5608
"Invånare  totalt, antal",Norberg,2014,5719
"Invånare  totalt, antal",Norberg,2015,5803
"Invånare  totalt, antal",Norberg,2016,5795
"Invånare  totalt, antal",Nordanstig,2010,9611
"Invånare  totalt, antal",Nordanstig,2011,9533
"Invånare  totalt, antal",Nordanstig,2012,9533
"Invånare  totalt, antal",Nordanstig,2013,9491
"Invånare  totalt, antal",Nordanstig,2014,9493
"Invånare  totalt, antal",Nordanstig,2015,9490
"Invånare  totalt, antal",Nordanstig,2016,9511
"Invånare  totalt, antal",Nordmaling,2010,7098
"Invånare  totalt, antal",Nordmaling,2011,7048
"Invånare  totalt, antal",Nordmaling,2012,7039
"Invånare  totalt, antal",Nordmaling,2013,7006
"Invånare  totalt, antal",Nordmaling,2014,7085
"Invånare  totalt, antal",Nordmaling,2015,7060
"Invånare  totalt, antal",Nordmaling,2016,7132
"Invånare  totalt, antal",Norrköping,2010,130050
"Invånare  totalt, antal",Norrköping,2011,130623
"Invånare  totalt, antal",Norrköping,2012,132124
"Invånare  totalt, antal",Norrköping,2013,133749
"Invånare  totalt, antal",Norrköping,2014,135283
"Invånare  totalt, antal",Norrköping,2015,137035
"Invånare  totalt, antal",Norrköping,2016,139363
"Invånare  totalt, antal",Norrtälje,2010,56080
"Invånare  totalt, antal",Norrtälje,2011,56245
"Invånare  totalt, antal",Norrtälje,2012,56634
"Invånare  totalt, antal",Norrtälje,2013,56845
"Invånare  totalt, antal",Norrtälje,2014,57568
"Invånare  totalt, antal",Norrtälje,2015,58669
"Invånare  totalt, antal",Norrtälje,2016,59420
"Invånare  totalt, antal",Norsjö,2010,4304
"Invånare  totalt, antal",Norsjö,2011,4237
"Invånare  totalt, antal",Norsjö,2012,4172
"Invånare  totalt, antal",Norsjö,2013,4175
"Invånare  totalt, antal",Norsjö,2014,4180
"Invånare  totalt, antal",Norsjö,2015,4176
"Invånare  totalt, antal",Norsjö,2016,4125
"Invånare  totalt, antal",Nybro,2010,19651
"Invånare  totalt, antal",Nybro,2011,19636
"Invånare  totalt, antal",Nybro,2012,19486
"Invånare  totalt, antal",Nybro,2013,19489
"Invånare  totalt, antal",Nybro,2014,19714
"Invånare  totalt, antal",Nybro,2015,19754
"Invånare  totalt, antal",Nybro,2016,20311
"Invånare  totalt, antal",Nykvarn,2010,9331
"Invånare  totalt, antal",Nykvarn,2011,9331
"Invånare  totalt, antal",Nykvarn,2012,9442
"Invånare  totalt, antal",Nykvarn,2013,9523
"Invånare  totalt, antal",Nykvarn,2014,9815
"Invånare  totalt, antal",Nykvarn,2015,10192
"Invånare  totalt, antal",Nykvarn,2016,10424
"Invånare  totalt, antal",Nyköping,2010,51644
"Invånare  totalt, antal",Nyköping,2011,51896
"Invånare  totalt, antal",Nyköping,2012,52336
"Invånare  totalt, antal",Nyköping,2013,53038
"Invånare  totalt, antal",Nyköping,2014,53508
"Invånare  totalt, antal",Nyköping,2015,54262
"Invånare  totalt, antal",Nyköping,2016,54924
"Invånare  totalt, antal",Nynäshamn,2010,26032
"Invånare  totalt, antal",Nynäshamn,2011,26248
"Invånare  totalt, antal",Nynäshamn,2012,26572
"Invånare  totalt, antal",Nynäshamn,2013,26796
"Invånare  totalt, antal",Nynäshamn,2014,27041
"Invånare  totalt, antal",Nynäshamn,2015,27500
"Invånare  totalt, antal",Nynäshamn,2016,27752
"Invånare  totalt, antal",Nässjö,2010,29339
"Invånare  totalt, antal",Nässjö,2011,29367
"Invånare  totalt, antal",Nässjö,2012,29382
"Invånare  totalt, antal",Nässjö,2013,29516
"Invånare  totalt, antal",Nässjö,2014,29907
"Invånare  totalt, antal",Nässjö,2015,30451
"Invånare  totalt, antal",Nässjö,2016,30820
"Invånare  totalt, antal",Ockelbo,2010,5936
"Invånare  totalt, antal",Ockelbo,2011,5907
"Invånare  totalt, antal",Ockelbo,2012,5850
"Invånare  totalt, antal",Ockelbo,2013,5785
"Invånare  totalt, antal",Ockelbo,2014,5765
"Invånare  totalt, antal",Ockelbo,2015,5849
"Invånare  totalt, antal",Ockelbo,2016,5856
"Invånare  totalt, antal",Olofström,2010,12988
"Invånare  totalt, antal",Olofström,2011,12876
"Invånare  totalt, antal",Olofström,2012,12896
"Invånare  totalt, antal",Olofström,2013,12902
"Invånare  totalt, antal",Olofström,2014,13031
"Invånare  totalt, antal",Olofström,2015,13170
"Invånare  totalt, antal",Olofström,2016,13417
"Invånare  totalt, antal",Orsa,2010,6922
"Invånare  totalt, antal",Orsa,2011,6867
"Invånare  totalt, antal",Orsa,2012,6835
"Invånare  totalt, antal",Orsa,2013,6849
"Invånare  totalt, antal",Orsa,2014,6812
"Invånare  totalt, antal",Orsa,2015,6750
"Invånare  totalt, antal",Orsa,2016,6861
"Invånare  totalt, antal",Orust,2010,15221
"Invånare  totalt, antal",Orust,2011,15129
"Invånare  totalt, antal",Orust,2012,15083
"Invånare  totalt, antal",Orust,2013,15036
"Invånare  totalt, antal",Orust,2014,15054
"Invånare  totalt, antal",Orust,2015,15010
"Invånare  totalt, antal",Orust,2016,15093
"Invånare  totalt, antal",Osby,2010,12724
"Invånare  totalt, antal",Osby,2011,12699
"Invånare  totalt, antal",Osby,2012,12637
"Invånare  totalt, antal",Osby,2013,12713
"Invånare  totalt, antal",Osby,2014,12828
"Invånare  totalt, antal",Osby,2015,12954
"Invånare  totalt, antal",Osby,2016,13149
"Invånare  totalt, antal",Oskarshamn,2010,26163
"Invånare  totalt, antal",Oskarshamn,2011,26166
"Invånare  totalt, antal",Oskarshamn,2012,26144
"Invånare  totalt, antal",Oskarshamn,2013,26212
"Invånare  totalt, antal",Oskarshamn,2014,26301
"Invånare  totalt, antal",Oskarshamn,2015,26450
"Invånare  totalt, antal",Oskarshamn,2016,27006
"Invånare  totalt, antal",Ovanåker,2010,11440
"Invånare  totalt, antal",Ovanåker,2011,11404
"Invånare  totalt, antal",Ovanåker,2012,11392
"Invånare  totalt, antal",Ovanåker,2013,11354
"Invånare  totalt, antal",Ovanåker,2014,11432
"Invånare  totalt, antal",Ovanåker,2015,11469
"Invånare  totalt, antal",Ovanåker,2016,11631
"Invånare  totalt, antal",Oxelösund,2010,11193
"Invånare  totalt, antal",Oxelösund,2011,11250
"Invånare  totalt, antal",Oxelösund,2012,11236
"Invånare  totalt, antal",Oxelösund,2013,11403
"Invånare  totalt, antal",Oxelösund,2014,11551
"Invånare  totalt, antal",Oxelösund,2015,11701
"Invånare  totalt, antal",Oxelösund,2016,11921
"Invånare  totalt, antal",Pajala,2010,6282
"Invånare  totalt, antal",Pajala,2011,6270
"Invånare  totalt, antal",Pajala,2012,6279
"Invånare  totalt, antal",Pajala,2013,6299
"Invånare  totalt, antal",Pajala,2014,6303
"Invånare  totalt, antal",Pajala,2015,6193
"Invånare  totalt, antal",Pajala,2016,6116
"Invånare  totalt, antal",Partille,2010,35084
"Invånare  totalt, antal",Partille,2011,35518
"Invånare  totalt, antal",Partille,2012,35837
"Invånare  totalt, antal",Partille,2013,36147
"Invånare  totalt, antal",Partille,2014,36528
"Invånare  totalt, antal",Partille,2015,36977
"Invånare  totalt, antal",Partille,2016,37316
"Invånare  totalt, antal",Perstorp,2010,7061
"Invånare  totalt, antal",Perstorp,2011,7159
"Invånare  totalt, antal",Perstorp,2012,7096
"Invånare  totalt, antal",Perstorp,2013,7139
"Invånare  totalt, antal",Perstorp,2014,7174
"Invånare  totalt, antal",Perstorp,2015,7211
"Invånare  totalt, antal",Perstorp,2016,7338
"Invånare  totalt, antal",Piteå,2010,40892
"Invånare  totalt, antal",Piteå,2011,40942
"Invånare  totalt, antal",Piteå,2012,41078
"Invånare  totalt, antal",Piteå,2013,41278
"Invånare  totalt, antal",Piteå,2014,41508
"Invånare  totalt, antal",Piteå,2015,41548
"Invånare  totalt, antal",Piteå,2016,41904
"Invånare  totalt, antal",Ragunda,2010,5590
"Invånare  totalt, antal",Ragunda,2011,5501
"Invånare  totalt, antal",Ragunda,2012,5466
"Invånare  totalt, antal",Ragunda,2013,5458
"Invånare  totalt, antal",Ragunda,2014,5440
"Invånare  totalt, antal",Ragunda,2015,5387
"Invånare  totalt, antal",Ragunda,2016,5415
"Invånare  totalt, antal",Robertsfors,2010,6831
"Invånare  totalt, antal",Robertsfors,2011,6762
"Invånare  totalt, antal",Robertsfors,2012,6717
"Invånare  totalt, antal",Robertsfors,2013,6738
"Invånare  totalt, antal",Robertsfors,2014,6724
"Invånare  totalt, antal",Robertsfors,2015,6771
"Invånare  totalt, antal",Robertsfors,2016,6784
"Invånare  totalt, antal",Ronneby,2010,28254
"Invånare  totalt, antal",Ronneby,2011,27910
"Invånare  totalt, antal",Ronneby,2012,27788
"Invånare  totalt, antal",Ronneby,2013,27871
"Invånare  totalt, antal",Ronneby,2014,28221
"Invånare  totalt, antal",Ronneby,2015,28697
"Invånare  totalt, antal",Ronneby,2016,29207
"Invånare  totalt, antal",Rättvik,2010,10811
"Invånare  totalt, antal",Rättvik,2011,10859
"Invånare  totalt, antal",Rättvik,2012,10799
"Invånare  totalt, antal",Rättvik,2013,10766
"Invånare  totalt, antal",Rättvik,2014,10748
"Invånare  totalt, antal",Rättvik,2015,10759
"Invånare  totalt, antal",Rättvik,2016,10856
"Invånare  totalt, antal",Sala,2010,21535
"Invånare  totalt, antal",Sala,2011,21568
"Invånare  totalt, antal",Sala,2012,21596
"Invånare  totalt, antal",Sala,2013,21769
"Invånare  totalt, antal",Sala,2014,21925
"Invånare  totalt, antal",Sala,2015,22109
"Invånare  totalt, antal",Sala,2016,22353
"Invånare  totalt, antal",Salem,2010,15391
"Invånare  totalt, antal",Salem,2011,15694
"Invånare  totalt, antal",Salem,2012,15881
"Invånare  totalt, antal",Salem,2013,16001
"Invånare  totalt, antal",Salem,2014,16140
"Invånare  totalt, antal",Salem,2015,16426
"Invånare  totalt, antal",Salem,2016,16615
"Invånare  totalt, antal",Sandviken,2010,36916
"Invånare  totalt, antal",Sandviken,2011,36995
"Invånare  totalt, antal",Sandviken,2012,37089
"Invånare  totalt, antal",Sandviken,2013,37250
"Invånare  totalt, antal",Sandviken,2014,37833
"Invånare  totalt, antal",Sandviken,2015,38314
"Invånare  totalt, antal",Sandviken,2016,38949
"Invånare  totalt, antal",Sigtuna,2010,39990
"Invånare  totalt, antal",Sigtuna,2011,41329
"Invånare  totalt, antal",Sigtuna,2012,42272
"Invånare  totalt, antal",Sigtuna,2013,43372
"Invånare  totalt, antal",Sigtuna,2014,44085
"Invånare  totalt, antal",Sigtuna,2015,44786
"Invånare  totalt, antal",Sigtuna,2016,46274
"Invånare  totalt, antal",Simrishamn,2010,19297
"Invånare  totalt, antal",Simrishamn,2011,19147
"Invånare  totalt, antal",Simrishamn,2012,18997
"Invånare  totalt, antal",Simrishamn,2013,18951
"Invånare  totalt, antal",Simrishamn,2014,18905
"Invånare  totalt, antal",Simrishamn,2015,19065
"Invånare  totalt, antal",Simrishamn,2016,19485
"Invånare  totalt, antal",Sjöbo,2010,18112
"Invånare  totalt, antal",Sjöbo,2011,18143
"Invånare  totalt, antal",Sjöbo,2012,18290
"Invånare  totalt, antal",Sjöbo,2013,18401
"Invånare  totalt, antal",Sjöbo,2014,18415
"Invånare  totalt, antal",Sjöbo,2015,18514
"Invånare  totalt, antal",Sjöbo,2016,18742
"Invånare  totalt, antal",Skara,2010,18314
"Invånare  totalt, antal",Skara,2011,18220
"Invånare  totalt, antal",Skara,2012,18281
"Invånare  totalt, antal",Skara,2013,18580
"Invånare  totalt, antal",Skara,2014,18747
"Invånare  totalt, antal",Skara,2015,18711
"Invånare  totalt, antal",Skara,2016,18979
"Invånare  totalt, antal",Skellefteå,2010,71641
"Invånare  totalt, antal",Skellefteå,2011,71580
"Invånare  totalt, antal",Skellefteå,2012,71774
"Invånare  totalt, antal",Skellefteå,2013,71988
"Invånare  totalt, antal",Skellefteå,2014,72024
"Invånare  totalt, antal",Skellefteå,2015,72031
"Invånare  totalt, antal",Skellefteå,2016,72266
"Invånare  totalt, antal",Skinnskatteberg,2010,4445
"Invånare  totalt, antal",Skinnskatteberg,2011,4412
"Invånare  totalt, antal",Skinnskatteberg,2012,4392
"Invånare  totalt, antal",Skinnskatteberg,2013,4411
"Invånare  totalt, antal",Skinnskatteberg,2014,4434
"Invånare  totalt, antal",Skinnskatteberg,2015,4472
"Invånare  totalt, antal",Skinnskatteberg,2016,4429
"Invånare  totalt, antal",Skurup,2010,14981
"Invånare  totalt, antal",Skurup,2011,14946
"Invånare  totalt, antal",Skurup,2012,14955
"Invånare  totalt, antal",Skurup,2013,15025
"Invånare  totalt, antal",Skurup,2014,15167
"Invånare  totalt, antal",Skurup,2015,15149
"Invånare  totalt, antal",Skurup,2016,15408
"Invånare  totalt, antal",Skövde,2010,51402
"Invånare  totalt, antal",Skövde,2011,51761
"Invånare  totalt, antal",Skövde,2012,52212
"Invånare  totalt, antal",Skövde,2013,52859
"Invånare  totalt, antal",Skövde,2014,53134
"Invånare  totalt, antal",Skövde,2015,53555
"Invånare  totalt, antal",Skövde,2016,54133
"Invånare  totalt, antal",Smedjebacken,2010,10715
"Invånare  totalt, antal",Smedjebacken,2011,10662
"Invånare  totalt, antal",Smedjebacken,2012,10650
"Invånare  totalt, antal",Smedjebacken,2013,10691
"Invånare  totalt, antal",Smedjebacken,2014,10712
"Invånare  totalt, antal",Smedjebacken,2015,10790
"Invånare  totalt, antal",Smedjebacken,2016,10909
"Invånare  totalt, antal",Sollefteå,2010,20255
"Invånare  totalt, antal",Sollefteå,2011,19964
"Invånare  totalt, antal",Sollefteå,2012,19736
"Invånare  totalt, antal",Sollefteå,2013,19623
"Invånare  totalt, antal",Sollefteå,2014,19776
"Invånare  totalt, antal",Sollefteå,2015,19783
"Invånare  totalt, antal",Sollefteå,2016,19846
"Invånare  totalt, antal",Sollentuna,2010,64630
"Invånare  totalt, antal",Sollentuna,2011,65891
"Invånare  totalt, antal",Sollentuna,2012,66859
"Invånare  totalt, antal",Sollentuna,2013,68145
"Invånare  totalt, antal",Sollentuna,2014,69325
"Invånare  totalt, antal",Sollentuna,2015,70251
"Invånare  totalt, antal",Sollentuna,2016,71023
"Invånare  totalt, antal",Solna,2010,68144
"Invånare  totalt, antal",Solna,2011,69946
"Invånare  totalt, antal",Solna,2012,71293
"Invånare  totalt, antal",Solna,2013,72740
"Invånare  totalt, antal",Solna,2014,74041
"Invånare  totalt, antal",Solna,2015,76158
"Invånare  totalt, antal",Solna,2016,78129
"Invånare  totalt, antal",Sorsele,2010,2736
"Invånare  totalt, antal",Sorsele,2011,2729
"Invånare  totalt, antal",Sorsele,2012,2673
"Invånare  totalt, antal",Sorsele,2013,2595
"Invånare  totalt, antal",Sorsele,2014,2565
"Invånare  totalt, antal",Sorsele,2015,2516
"Invånare  totalt, antal",Sorsele,2016,2535
"Invånare  totalt, antal",Sotenäs,2010,9052
"Invånare  totalt, antal",Sotenäs,2011,9007
"Invånare  totalt, antal",Sotenäs,2012,9004
"Invånare  totalt, antal",Sotenäs,2013,8928
"Invånare  totalt, antal",Sotenäs,2014,8931
"Invånare  totalt, antal",Sotenäs,2015,9006
"Invånare  totalt, antal",Sotenäs,2016,9065
"Invånare  totalt, antal",Staffanstorp,2010,22259
"Invånare  totalt, antal",Staffanstorp,2011,22296
"Invånare  totalt, antal",Staffanstorp,2012,22534
"Invånare  totalt, antal",Staffanstorp,2013,22672
"Invånare  totalt, antal",Staffanstorp,2014,22994
"Invånare  totalt, antal",Staffanstorp,2015,23119
"Invånare  totalt, antal",Staffanstorp,2016,23600
"Invånare  totalt, antal",Stenungsund,2010,24292
"Invånare  totalt, antal",Stenungsund,2011,24601
"Invånare  totalt, antal",Stenungsund,2012,24868
"Invånare  totalt, antal",Stenungsund,2013,24932
"Invånare  totalt, antal",Stenungsund,2014,25275
"Invånare  totalt, antal",Stenungsund,2015,25508
"Invånare  totalt, antal",Stenungsund,2016,25815
"Invånare  totalt, antal",Stockholm,2010,847073
"Invånare  totalt, antal",Stockholm,2011,864324
"Invånare  totalt, antal",Stockholm,2012,881235
"Invånare  totalt, antal",Stockholm,2013,897700
"Invånare  totalt, antal",Stockholm,2014,911989
"Invånare  totalt, antal",Stockholm,2015,923516
"Invånare  totalt, antal",Stockholm,2016,935619
"Invånare  totalt, antal",Storfors,2010,4273
"Invånare  totalt, antal",Storfors,2011,4218
"Invånare  totalt, antal",Storfors,2012,4150
"Invånare  totalt, antal",Storfors,2013,4131
"Invånare  totalt, antal",Storfors,2014,4106
"Invånare  totalt, antal",Storfors,2015,4032
"Invånare  totalt, antal",Storfors,2016,4046
"Invånare  totalt, antal",Storuman,2010,6120
"Invånare  totalt, antal",Storuman,2011,6026
"Invånare  totalt, antal",Storuman,2012,6006
"Invånare  totalt, antal",Storuman,2013,5954
"Invånare  totalt, antal",Storuman,2014,5955
"Invånare  totalt, antal",Storuman,2015,5943
"Invånare  totalt, antal",Storuman,2016,5899
"Invånare  totalt, antal",Strängnäs,2010,32419
"Invånare  totalt, antal",Strängnäs,2011,32687
"Invånare  totalt, antal",Strängnäs,2012,33072
"Invånare  totalt, antal",Strängnäs,2013,33389
"Invånare  totalt, antal",Strängnäs,2014,33878
"Invånare  totalt, antal",Strängnäs,2015,34102
"Invånare  totalt, antal",Strängnäs,2016,34609
"Invånare  totalt, antal",Strömstad,2010,11808
"Invånare  totalt, antal",Strömstad,2011,12010
"Invånare  totalt, antal",Strömstad,2012,12295
"Invånare  totalt, antal",Strömstad,2013,12480
"Invånare  totalt, antal",Strömstad,2014,12694
"Invånare  totalt, antal",Strömstad,2015,12854
"Invånare  totalt, antal",Strömstad,2016,13079
"Invånare  totalt, antal",Strömsund,2010,12185
"Invånare  totalt, antal",Strömsund,2011,12171
"Invånare  totalt, antal",Strömsund,2012,12138
"Invånare  totalt, antal",Strömsund,2013,11984
"Invånare  totalt, antal",Strömsund,2014,11873
"Invånare  totalt, antal",Strömsund,2015,11712
"Invånare  totalt, antal",Strömsund,2016,11809
"Invånare  totalt, antal",Sundbyberg,2010,38633
"Invånare  totalt, antal",Sundbyberg,2011,39539
"Invånare  totalt, antal",Sundbyberg,2012,40793
"Invånare  totalt, antal",Sundbyberg,2013,42626
"Invånare  totalt, antal",Sundbyberg,2014,44090
"Invånare  totalt, antal",Sundbyberg,2015,46110
"Invånare  totalt, antal",Sundbyberg,2016,47750
"Invånare  totalt, antal",Sundsvall,2010,95732
"Invånare  totalt, antal",Sundsvall,2011,96113
"Invånare  totalt, antal",Sundsvall,2012,96687
"Invånare  totalt, antal",Sundsvall,2013,96978
"Invånare  totalt, antal",Sundsvall,2014,97338
"Invånare  totalt, antal",Sundsvall,2015,97633
"Invånare  totalt, antal",Sundsvall,2016,98325
"Invånare  totalt, antal",Sunne,2010,13255
"Invånare  totalt, antal",Sunne,2011,13142
"Invånare  totalt, antal",Sunne,2012,13102
"Invånare  totalt, antal",Sunne,2013,13011
"Invånare  totalt, antal",Sunne,2014,13099
"Invånare  totalt, antal",Sunne,2015,13208
"Invånare  totalt, antal",Sunne,2016,13425
"Invånare  totalt, antal",Surahammar,2010,9949
"Invånare  totalt, antal",Surahammar,2011,9871
"Invånare  totalt, antal",Surahammar,2012,9890
"Invånare  totalt, antal",Surahammar,2013,9834
"Invånare  totalt, antal",Surahammar,2014,9918
"Invånare  totalt, antal",Surahammar,2015,9985
"Invånare  totalt, antal",Surahammar,2016,10059
"Invånare  totalt, antal",Svalöv,2010,13242
"Invånare  totalt, antal",Svalöv,2011,13250
"Invånare  totalt, antal",Svalöv,2012,13275
"Invånare  totalt, antal",Svalöv,2013,13332
"Invånare  totalt, antal",Svalöv,2014,13460
"Invånare  totalt, antal",Svalöv,2015,13655
"Invånare  totalt, antal",Svalöv,2016,13919
"Invånare  totalt, antal",Svedala,2010,19822
"Invånare  totalt, antal",Svedala,2011,19805
"Invånare  totalt, antal",Svedala,2012,19971
"Invånare  totalt, antal",Svedala,2013,20067
"Invånare  totalt, antal",Svedala,2014,20248
"Invånare  totalt, antal",Svedala,2015,20462
"Invånare  totalt, antal",Svedala,2016,20771
"Invånare  totalt, antal",Svenljunga,2010,10288
"Invånare  totalt, antal",Svenljunga,2011,10282
"Invånare  totalt, antal",Svenljunga,2012,10239
"Invånare  totalt, antal",Svenljunga,2013,10299
"Invånare  totalt, antal",Svenljunga,2014,10365
"Invånare  totalt, antal",Svenljunga,2015,10506
"Invånare  totalt, antal",Svenljunga,2016,10679
"Invånare  totalt, antal",Säffle,2010,15547
"Invånare  totalt, antal",Säffle,2011,15394
"Invånare  totalt, antal",Säffle,2012,15308
"Invånare  totalt, antal",Säffle,2013,15276
"Invånare  totalt, antal",Säffle,2014,15334
"Invånare  totalt, antal",Säffle,2015,15366
"Invånare  totalt, antal",Säffle,2016,15633
"Invånare  totalt, antal",Säter,2010,10840
"Invånare  totalt, antal",Säter,2011,10861
"Invånare  totalt, antal",Säter,2012,10851
"Invånare  totalt, antal",Säter,2013,10873
"Invånare  totalt, antal",Säter,2014,10886
"Invånare  totalt, antal",Säter,2015,11009
"Invånare  totalt, antal",Säter,2016,11086
"Invånare  totalt, antal",Sävsjö,2010,10830
"Invånare  totalt, antal",Sävsjö,2011,10871
"Invånare  totalt, antal",Sävsjö,2012,10844
"Invånare  totalt, antal",Sävsjö,2013,10969
"Invånare  totalt, antal",Sävsjö,2014,11100
"Invånare  totalt, antal",Sävsjö,2015,11228
"Invånare  totalt, antal",Sävsjö,2016,11396
"Invånare  totalt, antal",Söderhamn,2010,25647
"Invånare  totalt, antal",Söderhamn,2011,25334
"Invånare  totalt, antal",Söderhamn,2012,25223
"Invånare  totalt, antal",Söderhamn,2013,25442
"Invånare  totalt, antal",Söderhamn,2014,25456
"Invånare  totalt, antal",Söderhamn,2015,25785
"Invånare  totalt, antal",Söderhamn,2016,25992
"Invånare  totalt, antal",Söderköping,2010,14024
"Invånare  totalt, antal",Söderköping,2011,14043
"Invånare  totalt, antal",Söderköping,2012,14143
"Invånare  totalt, antal",Söderköping,2013,14195
"Invånare  totalt, antal",Söderköping,2014,14268
"Invånare  totalt, antal",Söderköping,2015,14240
"Invånare  totalt, antal",Söderköping,2016,14402
"Invånare  totalt, antal",Södertälje,2010,86246
"Invånare  totalt, antal",Södertälje,2011,87685
"Invånare  totalt, antal",Södertälje,2012,89473
"Invånare  totalt, antal",Södertälje,2013,91072
"Invånare  totalt, antal",Södertälje,2014,92235
"Invånare  totalt, antal",Södertälje,2015,93202
"Invånare  totalt, antal",Södertälje,2016,94631
"Invånare  totalt, antal",Sölvesborg,2010,16810
"Invånare  totalt, antal",Sölvesborg,2011,16793
"Invånare  totalt, antal",Sölvesborg,2012,16808
"Invånare  totalt, antal",Sölvesborg,2013,16800
"Invånare  totalt, antal",Sölvesborg,2014,16959
"Invånare  totalt, antal",Sölvesborg,2015,17160
"Invånare  totalt, antal",Sölvesborg,2016,17437
"Invånare  totalt, antal",Tanum,2010,12370
"Invånare  totalt, antal",Tanum,2011,12320
"Invånare  totalt, antal",Tanum,2012,12270
"Invånare  totalt, antal",Tanum,2013,12303
"Invånare  totalt, antal",Tanum,2014,12346
"Invånare  totalt, antal",Tanum,2015,12455
"Invånare  totalt, antal",Tanum,2016,12606
"Invånare  totalt, antal",Tibro,2010,10560
"Invånare  totalt, antal",Tibro,2011,10625
"Invånare  totalt, antal",Tibro,2012,10673
"Invånare  totalt, antal",Tibro,2013,10754
"Invånare  totalt, antal",Tibro,2014,10864
"Invånare  totalt, antal",Tibro,2015,10980
"Invånare  totalt, antal",Tibro,2016,11070
"Invånare  totalt, antal",Tidaholm,2010,12572
"Invånare  totalt, antal",Tidaholm,2011,12569
"Invånare  totalt, antal",Tidaholm,2012,12556
"Invånare  totalt, antal",Tidaholm,2013,12565
"Invånare  totalt, antal",Tidaholm,2014,12617
"Invånare  totalt, antal",Tidaholm,2015,12669
"Invånare  totalt, antal",Tidaholm,2016,12797
"Invånare  totalt, antal",Tierp,2010,20125
"Invånare  totalt, antal",Tierp,2011,20077
"Invånare  totalt, antal",Tierp,2012,20156
"Invånare  totalt, antal",Tierp,2013,20144
"Invånare  totalt, antal",Tierp,2014,20245
"Invånare  totalt, antal",Tierp,2015,20547
"Invånare  totalt, antal",Tierp,2016,20744
"Invånare  totalt, antal",Timrå,2010,17990
"Invånare  totalt, antal",Timrå,2011,18026
"Invånare  totalt, antal",Timrå,2012,17997
"Invånare  totalt, antal",Timrå,2013,18062
"Invånare  totalt, antal",Timrå,2014,18025
"Invånare  totalt, antal",Timrå,2015,17987
"Invånare  totalt, antal",Timrå,2016,17992
"Invånare  totalt, antal",Tingsryd,2010,12231
"Invånare  totalt, antal",Tingsryd,2011,12235
"Invånare  totalt, antal",Tingsryd,2012,12141
"Invånare  totalt, antal",Tingsryd,2013,12156
"Invånare  totalt, antal",Tingsryd,2014,12198
"Invånare  totalt, antal",Tingsryd,2015,12260
"Invånare  totalt, antal",Tingsryd,2016,12393
"Invånare  totalt, antal",Tjörn,2010,14955
"Invånare  totalt, antal",Tjörn,2011,14959
"Invånare  totalt, antal",Tjörn,2012,14974
"Invånare  totalt, antal",Tjörn,2013,15050
"Invånare  totalt, antal",Tjörn,2014,15135
"Invånare  totalt, antal",Tjörn,2015,15315
"Invånare  totalt, antal",Tjörn,2016,15584
"Invånare  totalt, antal",Tomelilla,2010,12914
"Invånare  totalt, antal",Tomelilla,2011,12930
"Invånare  totalt, antal",Tomelilla,2012,12917
"Invånare  totalt, antal",Tomelilla,2013,12891
"Invånare  totalt, antal",Tomelilla,2014,13007
"Invånare  totalt, antal",Tomelilla,2015,13132
"Invånare  totalt, antal",Tomelilla,2016,13330
"Invånare  totalt, antal",Torsby,2010,12414
"Invånare  totalt, antal",Torsby,2011,12312
"Invånare  totalt, antal",Torsby,2012,12219
"Invånare  totalt, antal",Torsby,2013,12013
"Invånare  totalt, antal",Torsby,2014,11992
"Invånare  totalt, antal",Torsby,2015,11910
"Invånare  totalt, antal",Torsby,2016,12169
"Invånare  totalt, antal",Torsås,2010,6962
"Invånare  totalt, antal",Torsås,2011,6886
"Invånare  totalt, antal",Torsås,2012,6858
"Invånare  totalt, antal",Torsås,2013,6879
"Invånare  totalt, antal",Torsås,2014,6925
"Invånare  totalt, antal",Torsås,2015,6943
"Invånare  totalt, antal",Torsås,2016,7063
"Invånare  totalt, antal",Tranemo,2010,11587
"Invånare  totalt, antal",Tranemo,2011,11606
"Invånare  totalt, antal",Tranemo,2012,11573
"Invånare  totalt, antal",Tranemo,2013,11531
"Invånare  totalt, antal",Tranemo,2014,11640
"Invånare  totalt, antal",Tranemo,2015,11619
"Invånare  totalt, antal",Tranemo,2016,11776
"Invånare  totalt, antal",Tranås,2010,18119
"Invånare  totalt, antal",Tranås,2011,18108
"Invånare  totalt, antal",Tranås,2012,18145
"Invånare  totalt, antal",Tranås,2013,18197
"Invånare  totalt, antal",Tranås,2014,18416
"Invånare  totalt, antal",Tranås,2015,18546
"Invånare  totalt, antal",Tranås,2016,18794
"Invånare  totalt, antal",Trelleborg,2010,42219
"Invånare  totalt, antal",Trelleborg,2011,42542
"Invånare  totalt, antal",Trelleborg,2012,42605
"Invånare  totalt, antal",Trelleborg,2013,42837
"Invånare  totalt, antal",Trelleborg,2014,42973
"Invånare  totalt, antal",Trelleborg,2015,43359
"Invånare  totalt, antal",Trelleborg,2016,43913
"Invånare  totalt, antal",Trollhättan,2010,55248
"Invånare  totalt, antal",Trollhättan,2011,55499
"Invånare  totalt, antal",Trollhättan,2012,55749
"Invånare  totalt, antal",Trollhättan,2013,56573
"Invånare  totalt, antal",Trollhättan,2014,56929
"Invånare  totalt, antal",Trollhättan,2015,57092
"Invånare  totalt, antal",Trollhättan,2016,57753
"Invånare  totalt, antal",Trosa,2010,11462
"Invånare  totalt, antal",Trosa,2011,11493
"Invånare  totalt, antal",Trosa,2012,11529
"Invånare  totalt, antal",Trosa,2013,11680
"Invånare  totalt, antal",Trosa,2014,11864
"Invånare  totalt, antal",Trosa,2015,12078
"Invånare  totalt, antal",Trosa,2016,12447
"Invånare  totalt, antal",Tyresö,2010,42947
"Invånare  totalt, antal",Tyresö,2011,43328
"Invånare  totalt, antal",Tyresö,2012,43764
"Invånare  totalt, antal",Tyresö,2013,44281
"Invånare  totalt, antal",Tyresö,2014,45390
"Invånare  totalt, antal",Tyresö,2015,46177
"Invånare  totalt, antal",Tyresö,2016,47103
"Invånare  totalt, antal",Täby,2010,63789
"Invånare  totalt, antal",Täby,2011,64558
"Invånare  totalt, antal",Täby,2012,65364
"Invånare  totalt, antal",Täby,2013,66292
"Invånare  totalt, antal",Täby,2014,67334
"Invånare  totalt, antal",Täby,2015,68281
"Invånare  totalt, antal",Täby,2016,69386
"Invånare  totalt, antal",Töreboda,2010,9113
"Invånare  totalt, antal",Töreboda,2011,9063
"Invånare  totalt, antal",Töreboda,2012,9009
"Invånare  totalt, antal",Töreboda,2013,8992
"Invånare  totalt, antal",Töreboda,2014,9072
"Invånare  totalt, antal",Töreboda,2015,9293
"Invånare  totalt, antal",Töreboda,2016,9435
"Invånare  totalt, antal",Uddevalla,2010,51868
"Invånare  totalt, antal",Uddevalla,2011,52156
"Invånare  totalt, antal",Uddevalla,2012,52530
"Invånare  totalt, antal",Uddevalla,2013,53025
"Invånare  totalt, antal",Uddevalla,2014,53517
"Invånare  totalt, antal",Uddevalla,2015,54180
"Invånare  totalt, antal",Uddevalla,2016,55164
"Invånare  totalt, antal",Ulricehamn,2010,22838
"Invånare  totalt, antal",Ulricehamn,2011,22996
"Invånare  totalt, antal",Ulricehamn,2012,23015
"Invånare  totalt, antal",Ulricehamn,2013,23211
"Invånare  totalt, antal",Ulricehamn,2014,23244
"Invånare  totalt, antal",Ulricehamn,2015,23494
"Invånare  totalt, antal",Ulricehamn,2016,23887
"Invånare  totalt, antal",Umeå,2010,115473
"Invånare  totalt, antal",Umeå,2011,116465
"Invånare  totalt, antal",Umeå,2012,117294
"Invånare  totalt, antal",Umeå,2013,118349
"Invånare  totalt, antal",Umeå,2014,119613
"Invånare  totalt, antal",Umeå,2015,120777
"Invånare  totalt, antal",Umeå,2016,122892
"Invånare  totalt, antal",Upplands Väsby,2010,39289
"Invånare  totalt, antal",Upplands Väsby,2011,40194
"Invånare  totalt, antal",Upplands Väsby,2012,40723
"Invånare  totalt, antal",Upplands Väsby,2013,41449
"Invånare  totalt, antal",Upplands Väsby,2014,41816
"Invånare  totalt, antal",Upplands Väsby,2015,42661
"Invånare  totalt, antal",Upplands Väsby,2016,43891
"Invånare  totalt, antal",Upplands-Bro,2010,23676
"Invånare  totalt, antal",Upplands-Bro,2011,23984
"Invånare  totalt, antal",Upplands-Bro,2012,24353
"Invånare  totalt, antal",Upplands-Bro,2013,24703
"Invånare  totalt, antal",Upplands-Bro,2014,25287
"Invånare  totalt, antal",Upplands-Bro,2015,25789
"Invånare  totalt, antal",Upplands-Bro,2016,26755
"Invånare  totalt, antal",Uppsala,2010,197787
"Invånare  totalt, antal",Uppsala,2011,200001
"Invånare  totalt, antal",Uppsala,2012,202625
"Invånare  totalt, antal",Uppsala,2013,205199
"Invånare  totalt, antal",Uppsala,2014,207362
"Invånare  totalt, antal",Uppsala,2015,210126
"Invånare  totalt, antal",Uppsala,2016,214559
"Invånare  totalt, antal",Uppvidinge,2010,9244
"Invånare  totalt, antal",Uppvidinge,2011,9216
"Invånare  totalt, antal",Uppvidinge,2012,9276
"Invånare  totalt, antal",Uppvidinge,2013,9288
"Invånare  totalt, antal",Uppvidinge,2014,9222
"Invånare  totalt, antal",Uppvidinge,2015,9319
"Invånare  totalt, antal",Uppvidinge,2016,9508
"Invånare  totalt, antal",Vadstena,2010,7391
"Invånare  totalt, antal",Vadstena,2011,7317
"Invånare  totalt, antal",Vadstena,2012,7338
"Invånare  totalt, antal",Vadstena,2013,7383
"Invånare  totalt, antal",Vadstena,2014,7393
"Invånare  totalt, antal",Vadstena,2015,7407
"Invånare  totalt, antal",Vadstena,2016,7348
"Invånare  totalt, antal",Vaggeryd,2010,12991
"Invånare  totalt, antal",Vaggeryd,2011,13160
"Invånare  totalt, antal",Vaggeryd,2012,13148
"Invånare  totalt, antal",Vaggeryd,2013,13209
"Invånare  totalt, antal",Vaggeryd,2014,13229
"Invånare  totalt, antal",Vaggeryd,2015,13372
"Invånare  totalt, antal",Vaggeryd,2016,13644
"Invånare  totalt, antal",Valdemarsvik,2010,7760
"Invånare  totalt, antal",Valdemarsvik,2011,7662
"Invånare  totalt, antal",Valdemarsvik,2012,7597
"Invånare  totalt, antal",Valdemarsvik,2013,7585
"Invånare  totalt, antal",Valdemarsvik,2014,7657
"Invånare  totalt, antal",Valdemarsvik,2015,7747
"Invånare  totalt, antal",Valdemarsvik,2016,7809
"Invånare  totalt, antal",Vallentuna,2010,30114
"Invånare  totalt, antal",Vallentuna,2011,30715
"Invånare  totalt, antal",Vallentuna,2012,31215
"Invånare  totalt, antal",Vallentuna,2013,31616
"Invånare  totalt, antal",Vallentuna,2014,31969
"Invånare  totalt, antal",Vallentuna,2015,32380
"Invånare  totalt, antal",Vallentuna,2016,32785
"Invånare  totalt, antal",Vansbro,2010,6805
"Invånare  totalt, antal",Vansbro,2011,6818
"Invånare  totalt, antal",Vansbro,2012,6779
"Invånare  totalt, antal",Vansbro,2013,6730
"Invånare  totalt, antal",Vansbro,2014,6694
"Invånare  totalt, antal",Vansbro,2015,6715
"Invånare  totalt, antal",Vansbro,2016,6884
"Invånare  totalt, antal",Vara,2010,15762
"Invånare  totalt, antal",Vara,2011,15694
"Invånare  totalt, antal",Vara,2012,15557
"Invånare  totalt, antal",Vara,2013,15609
"Invånare  totalt, antal",Vara,2014,15597
"Invånare  totalt, antal",Vara,2015,15662
"Invånare  totalt, antal",Vara,2016,15788
"Invånare  totalt, antal",Varberg,2010,58084
"Invånare  totalt, antal",Varberg,2011,58576
"Invånare  totalt, antal",Varberg,2012,59186
"Invånare  totalt, antal",Varberg,2013,59936
"Invånare  totalt, antal",Varberg,2014,60422
"Invånare  totalt, antal",Varberg,2015,61030
"Invånare  totalt, antal",Varberg,2016,61868
"Invånare  totalt, antal",Vaxholm,2010,10965
"Invånare  totalt, antal",Vaxholm,2011,11141
"Invånare  totalt, antal",Vaxholm,2012,11126
"Invånare  totalt, antal",Vaxholm,2013,11188
"Invånare  totalt, antal",Vaxholm,2014,11329
"Invånare  totalt, antal",Vaxholm,2015,11380
"Invånare  totalt, antal",Vaxholm,2016,11621
"Invånare  totalt, antal",Vellinge,2010,33303
"Invånare  totalt, antal",Vellinge,2011,33510
"Invånare  totalt, antal",Vellinge,2012,33615
"Invånare  totalt, antal",Vellinge,2013,33807
"Invånare  totalt, antal",Vellinge,2014,34110
"Invånare  totalt, antal",Vellinge,2015,34667
"Invånare  totalt, antal",Vellinge,2016,35257
"Invånare  totalt, antal",Vetlanda,2010,26304
"Invånare  totalt, antal",Vetlanda,2011,26302
"Invånare  totalt, antal",Vetlanda,2012,26297
"Invånare  totalt, antal",Vetlanda,2013,26419
"Invånare  totalt, antal",Vetlanda,2014,26647
"Invånare  totalt, antal",Vetlanda,2015,26873
"Invånare  totalt, antal",Vetlanda,2016,27241
"Invånare  totalt, antal",Vilhelmina,2010,7135
"Invånare  totalt, antal",Vilhelmina,2011,7048
"Invånare  totalt, antal",Vilhelmina,2012,6941
"Invånare  totalt, antal",Vilhelmina,2013,6887
"Invånare  totalt, antal",Vilhelmina,2014,6848
"Invånare  totalt, antal",Vilhelmina,2015,6829
"Invånare  totalt, antal",Vilhelmina,2016,6805
"Invånare  totalt, antal",Vimmerby,2010,15473
"Invånare  totalt, antal",Vimmerby,2011,15397
"Invånare  totalt, antal",Vimmerby,2012,15403
"Invånare  totalt, antal",Vimmerby,2013,15287
"Invånare  totalt, antal",Vimmerby,2014,15297
"Invånare  totalt, antal",Vimmerby,2015,15419
"Invånare  totalt, antal",Vimmerby,2016,15636
"Invånare  totalt, antal",Vindeln,2010,5507
"Invånare  totalt, antal",Vindeln,2011,5434
"Invånare  totalt, antal",Vindeln,2012,5359
"Invånare  totalt, antal",Vindeln,2013,5344
"Invånare  totalt, antal",Vindeln,2014,5383
"Invånare  totalt, antal",Vindeln,2015,5371
"Invånare  totalt, antal",Vindeln,2016,5413
"Invånare  totalt, antal",Vingåker,2010,8893
"Invånare  totalt, antal",Vingåker,2011,8824
"Invånare  totalt, antal",Vingåker,2012,8775
"Invånare  totalt, antal",Vingåker,2013,8835
"Invånare  totalt, antal",Vingåker,2014,8919
"Invånare  totalt, antal",Vingåker,2015,8953
"Invånare  totalt, antal",Vingåker,2016,9099
"Invånare  totalt, antal",Vårgårda,2010,10943
"Invånare  totalt, antal",Vårgårda,2011,10994
"Invånare  totalt, antal",Vårgårda,2012,11030
"Invånare  totalt, antal",Vårgårda,2013,11065
"Invånare  totalt, antal",Vårgårda,2014,11089
"Invånare  totalt, antal",Vårgårda,2015,11165
"Invånare  totalt, antal",Vårgårda,2016,11295
"Invånare  totalt, antal",Vänersborg,2010,36857
"Invånare  totalt, antal",Vänersborg,2011,36962
"Invånare  totalt, antal",Vänersborg,2012,36968
"Invånare  totalt, antal",Vänersborg,2013,37369
"Invånare  totalt, antal",Vänersborg,2014,37890
"Invånare  totalt, antal",Vänersborg,2015,38381
"Invånare  totalt, antal",Vänersborg,2016,38955
"Invånare  totalt, antal",Vännäs,2010,8414
"Invånare  totalt, antal",Vännäs,2011,8465
"Invånare  totalt, antal",Vännäs,2012,8522
"Invånare  totalt, antal",Vännäs,2013,8583
"Invånare  totalt, antal",Vännäs,2014,8616
"Invånare  totalt, antal",Vännäs,2015,8593
"Invånare  totalt, antal",Vännäs,2016,8695
"Invånare  totalt, antal",Värmdö,2010,38301
"Invånare  totalt, antal",Värmdö,2011,38894
"Invånare  totalt, antal",Värmdö,2012,39387
"Invånare  totalt, antal",Värmdö,2013,39784
"Invånare  totalt, antal",Värmdö,2014,40541
"Invånare  totalt, antal",Värmdö,2015,41107
"Invånare  totalt, antal",Värmdö,2016,42000
"Invånare  totalt, antal",Värnamo,2010,32833
"Invånare  totalt, antal",Värnamo,2011,32934
"Invånare  totalt, antal",Värnamo,2012,33012
"Invånare  totalt, antal",Värnamo,2013,33155
"Invånare  totalt, antal",Värnamo,2014,33334
"Invånare  totalt, antal",Värnamo,2015,33473
"Invånare  totalt, antal",Värnamo,2016,33906
"Invånare  totalt, antal",Västervik,2010,36206
"Invånare  totalt, antal",Västervik,2011,36015
"Invånare  totalt, antal",Västervik,2012,35892
"Invånare  totalt, antal",Västervik,2013,35867
"Invånare  totalt, antal",Västervik,2014,35920
"Invånare  totalt, antal",Västervik,2015,36049
"Invånare  totalt, antal",Västervik,2016,36438
"Invånare  totalt, antal",Västerås,2010,137207
"Invånare  totalt, antal",Västerås,2011,138709
"Invånare  totalt, antal",Västerås,2012,140499
"Invånare  totalt, antal",Västerås,2013,142131
"Invånare  totalt, antal",Västerås,2014,143702
"Invånare  totalt, antal",Västerås,2015,145218
"Invånare  totalt, antal",Västerås,2016,147420
"Invånare  totalt, antal",Växjö,2010,83005
"Invånare  totalt, antal",Växjö,2011,83710
"Invånare  totalt, antal",Växjö,2012,84800
"Invånare  totalt, antal",Växjö,2013,85822
"Invånare  totalt, antal",Växjö,2014,86970
"Invånare  totalt, antal",Växjö,2015,88108
"Invånare  totalt, antal",Växjö,2016,89500
"Invånare  totalt, antal",Ydre,2010,3672
"Invånare  totalt, antal",Ydre,2011,3666
"Invånare  totalt, antal",Ydre,2012,3612
"Invånare  totalt, antal",Ydre,2013,3617
"Invånare  totalt, antal",Ydre,2014,3660
"Invånare  totalt, antal",Ydre,2015,3658
"Invånare  totalt, antal",Ydre,2016,3675
"Invånare  totalt, antal",Ystad,2010,28338
"Invånare  totalt, antal",Ystad,2011,28427
"Invånare  totalt, antal",Ystad,2012,28558
"Invånare  totalt, antal",Ystad,2013,28623
"Invånare  totalt, antal",Ystad,2014,28771
"Invånare  totalt, antal",Ystad,2015,28985
"Invånare  totalt, antal",Ystad,2016,29448
"Invånare  totalt, antal",Åmål,2010,12295
"Invånare  totalt, antal",Åmål,2011,12226
"Invånare  totalt, antal",Åmål,2012,12211
"Invånare  totalt, antal",Åmål,2013,12229
"Invånare  totalt, antal",Åmål,2014,12326
"Invånare  totalt, antal",Åmål,2015,12601
"Invånare  totalt, antal",Åmål,2016,12801
"Invånare  totalt, antal",Ånge,2010,10053
"Invånare  totalt, antal",Ånge,2011,9839
"Invånare  totalt, antal",Ånge,2012,9639
"Invånare  totalt, antal",Ånge,2013,9548
"Invånare  totalt, antal",Ånge,2014,9484
"Invånare  totalt, antal",Ånge,2015,9493
"Invånare  totalt, antal",Ånge,2016,9495
"Invånare  totalt, antal",Åre,2010,10274
"Invånare  totalt, antal",Åre,2011,10259
"Invånare  totalt, antal",Åre,2012,10406
"Invånare  totalt, antal",Åre,2013,10420
"Invånare  totalt, antal",Åre,2014,10555
"Invånare  totalt, antal",Åre,2015,10677
"Invånare  totalt, antal",Åre,2016,11088
"Invånare  totalt, antal",Årjäng,2010,9855
"Invånare  totalt, antal",Årjäng,2011,9827
"Invånare  totalt, antal",Årjäng,2012,9864
"Invånare  totalt, antal",Årjäng,2013,9953
"Invånare  totalt, antal",Årjäng,2014,9804
"Invånare  totalt, antal",Årjäng,2015,9869
"Invånare  totalt, antal",Årjäng,2016,9958
"Invånare  totalt, antal",Åsele,2010,3039
"Invånare  totalt, antal",Åsele,2011,3007
"Invånare  totalt, antal",Åsele,2012,2958
"Invånare  totalt, antal",Åsele,2013,2875
"Invånare  totalt, antal",Åsele,2014,2838
"Invånare  totalt, antal",Åsele,2015,2832
"Invånare  totalt, antal",Åsele,2016,2875
"Invånare  totalt, antal",Åstorp,2010,14737
"Invånare  totalt, antal",Åstorp,2011,14789
"Invånare  totalt, antal",Åstorp,2012,14806
"Invånare  totalt, antal",Åstorp,2013,14927
"Invånare  totalt, antal",Åstorp,2014,15061
"Invånare  totalt, antal",Åstorp,2015,15193
"Invånare  totalt, antal",Åstorp,2016,15528
"Invånare  totalt, antal",Åtvidaberg,2010,11504
"Invånare  totalt, antal",Åtvidaberg,2011,11517
"Invånare  totalt, antal",Åtvidaberg,2012,11446
"Invånare  totalt, antal",Åtvidaberg,2013,11460
"Invånare  totalt, antal",Åtvidaberg,2014,11472
"Invånare  totalt, antal",Åtvidaberg,2015,11545
"Invånare  totalt, antal",Åtvidaberg,2016,11617
"Invånare  totalt, antal",Älmhult,2010,15603
"Invånare  totalt, antal",Älmhult,2011,15629
"Invånare  totalt, antal",Älmhult,2012,15724
"Invånare  totalt, antal",Älmhult,2013,15759
"Invånare  totalt, antal",Älmhult,2014,15908
"Invånare  totalt, antal",Älmhult,2015,16168
"Invånare  totalt, antal",Älmhult,2016,16618
"Invånare  totalt, antal",Älvdalen,2010,7207
"Invånare  totalt, antal",Älvdalen,2011,7184
"Invånare  totalt, antal",Älvdalen,2012,7139
"Invånare  totalt, antal",Älvdalen,2013,7096
"Invånare  totalt, antal",Älvdalen,2014,7052
"Invånare  totalt, antal",Älvdalen,2015,7035
"Invånare  totalt, antal",Älvdalen,2016,7039
"Invånare  totalt, antal",Älvkarleby,2010,9103
"Invånare  totalt, antal",Älvkarleby,2011,9089
"Invånare  totalt, antal",Älvkarleby,2012,9059
"Invånare  totalt, antal",Älvkarleby,2013,9132
"Invånare  totalt, antal",Älvkarleby,2014,9169
"Invånare  totalt, antal",Älvkarleby,2015,9293
"Invånare  totalt, antal",Älvkarleby,2016,9445
"Invånare  totalt, antal",Älvsbyn,2010,8335
"Invånare  totalt, antal",Älvsbyn,2011,8253
"Invånare  totalt, antal",Älvsbyn,2012,8200
"Invånare  totalt, antal",Älvsbyn,2013,8168
"Invånare  totalt, antal",Älvsbyn,2014,8171
"Invånare  totalt, antal",Älvsbyn,2015,8183
"Invånare  totalt, antal",Älvsbyn,2016,8193
"Invånare  totalt, antal",Ängelholm,2010,39394
"Invånare  totalt, antal",Ängelholm,2011,39626
"Invånare  totalt, antal",Ängelholm,2012,39742
"Invånare  totalt, antal",Ängelholm,2013,39866
"Invånare  totalt, antal",Ängelholm,2014,40229
"Invånare  totalt, antal",Ängelholm,2015,40732
"Invånare  totalt, antal",Ängelholm,2016,41336
"Invånare  totalt, antal",Öckerö,2010,12449
"Invånare  totalt, antal",Öckerö,2011,12487
"Invånare  totalt, antal",Öckerö,2012,12539
"Invånare  totalt, antal",Öckerö,2013,12574
"Invånare  totalt, antal",Öckerö,2014,12645
"Invånare  totalt, antal",Öckerö,2015,12682
"Invånare  totalt, antal",Öckerö,2016,12773
"Invånare  totalt, antal",Ödeshög,2010,5284
"Invånare  totalt, antal",Ödeshög,2011,5245
"Invånare  totalt, antal",Ödeshög,2012,5200
"Invånare  totalt, antal",Ödeshög,2013,5174
"Invånare  totalt, antal",Ödeshög,2014,5240
"Invånare  totalt, antal",Ödeshög,2015,5236
"Invånare  totalt, antal",Ödeshög,2016,5335
"Invånare  totalt, antal",Örebro,2010,135460
"Invånare  totalt, antal",Örebro,2011,137121
"Invånare  totalt, antal",Örebro,2012,138952
"Invånare  totalt, antal",Örebro,2013,140599
"Invånare  totalt, antal",Örebro,2014,142618
"Invånare  totalt, antal",Örebro,2015,144200
"Invånare  totalt, antal",Örebro,2016,146631
"Invånare  totalt, antal",Örkelljunga,2010,9631
"Invånare  totalt, antal",Örkelljunga,2011,9663
"Invånare  totalt, antal",Örkelljunga,2012,9655
"Invånare  totalt, antal",Örkelljunga,2013,9653
"Invånare  totalt, antal",Örkelljunga,2014,9733
"Invånare  totalt, antal",Örkelljunga,2015,9831
"Invånare  totalt, antal",Örkelljunga,2016,9958
"Invånare  totalt, antal",Örnsköldsvik,2010,55073
"Invånare  totalt, antal",Örnsköldsvik,2011,54930
"Invånare  totalt, antal",Örnsköldsvik,2012,55008
"Invånare  totalt, antal",Örnsköldsvik,2013,54986
"Invånare  totalt, antal",Örnsköldsvik,2014,55248
"Invånare  totalt, antal",Örnsköldsvik,2015,55576
"Invånare  totalt, antal",Örnsköldsvik,2016,55964
"Invånare  totalt, antal",Östersund,2010,59416
"Invånare  totalt, antal",Östersund,2011,59373
"Invånare  totalt, antal",Östersund,2012,59485
"Invånare  totalt, antal",Östersund,2013,59956
"Invånare  totalt, antal",Östersund,2014,60495
"Invånare  totalt, antal",Östersund,2015,61066
"Invånare  totalt, antal",Östersund,2016,61745
"Invånare  totalt, antal",Österåker,2010,39521
"Invånare  totalt, antal",Österåker,2011,39792
"Invånare  totalt, antal",Österåker,2012,40269
"Invånare  totalt, antal",Österåker,2013,40495
"Invånare  totalt, antal",Österåker,2014,41180
"Invånare  totalt, antal",Österåker,2015,42130
"Invånare  totalt, antal",Österåker,2016,43293
"Invånare  totalt, antal",Östhammar,2010,21373
"Invånare  totalt, antal",Östhammar,2011,21387
"Invånare  totalt, antal",Östhammar,2012,21262
"Invånare  totalt, antal",Östhammar,2013,21352
"Invånare  totalt, antal",Östhammar,2014,21374
"Invånare  totalt, antal",Östhammar,2015,21563
"Invånare  totalt, antal",Östhammar,2016,21822
"Invånare  totalt, antal",Östra Göinge,2010,13590
"Invånare  totalt, antal",Östra Göinge,2011,13603
"Invånare  totalt, antal",Östra Göinge,2012,13620
"Invånare  totalt, antal",Östra Göinge,2013,13687
"Invånare  totalt, antal",Östra Göinge,2014,13864
"Invånare  totalt, antal",Östra Göinge,2015,14102
"Invånare  totalt, antal",Östra Göinge,2016,14406
"Invånare  totalt, antal",Överkalix,2010,3611
"Invånare  totalt, antal",Överkalix,2011,3549
"Invånare  totalt, antal",Överkalix,2012,3497
"Invånare  totalt, antal",Överkalix,2013,3436
"Invånare  totalt, antal",Överkalix,2014,3409
"Invånare  totalt, antal",Överkalix,2015,3395
"Invånare  totalt, antal",Överkalix,2016,3378
"Invånare  totalt, antal",Övertorneå,2010,4812
"Invånare  totalt, antal",Övertorneå,2011,4810
"Invånare  totalt, antal",Övertorneå,2012,4772
"Invånare  totalt, antal",Övertorneå,2013,4709
"Invånare  totalt, antal",Övertorneå,2014,4711
"Invånare  totalt, antal",Övertorneå,2015,4603
"Invånare  totalt, antal",Övertorneå,2016,4534
"Invånare  totalt, antal",Riket,2010,9415570
"Invånare  totalt, antal",Riket,2011,9482855
"Invånare  totalt, antal",Riket,2012,9555893
"Invånare  totalt, antal",Riket,2013,9644864
"Invånare  totalt, antal",Riket,2014,9747355
"Invånare  totalt, antal",Riket,2015,9851017
"Invånare  totalt, antal",Riket,2016,9995153
